#	"Date Time, GMT-04:00"	"HighRange"	"temp"
1	6/7/2023 11:50	31411.8	17.67
2	6/7/2023 12:00	31257.1	17.41
3	6/7/2023 12:10	31229.5	17.56
4	6/7/2023 12:20	31195	17.56
5	6/7/2023 12:30	31220.3	17.58
6	6/7/2023 12:40	31245.6	17.84
7	6/7/2023 12:50	31347	18.05
8	6/7/2023 13:00	31330.8	18.04
9	6/7/2023 13:10	31462.9	18.43
10	6/7/2023 13:20	31460.6	18.53
11	6/7/2023 13:30	31404.9	18.38
12	6/7/2023 13:40	31395.6	18.25
13	6/7/2023 13:50	31358.6	18.23
14	6/7/2023 14:00	31360.9	18.24
15	6/7/2023 14:10	31370.1	18.28
16	6/7/2023 14:20	31384	18.29
17	6/7/2023 14:30	31349.3	18.4
18	6/7/2023 14:40	31365.5	18.37
19	6/7/2023 14:50	31400.2	18.3
20	6/7/2023 15:00	31488.5	18.47
21	6/7/2023 15:10	31395.6	18.38
22	6/7/2023 15:20	31458.3	18.49
23	6/7/2023 15:30	31404.9	18.43
24	6/7/2023 15:40	31425.7	18.76
25	6/7/2023 15:50	31379.4	18.88
26	6/7/2023 16:00	31298.5	18.77
27	6/7/2023 16:10	31377.1	18.88
28	6/7/2023 16:20	31372.4	18.9
29	6/7/2023 16:30	31474.5	19.16
30	6/7/2023 16:40	31340.1	18.96
31	6/7/2023 16:50	31333.1	19.12
32	6/7/2023 17:00	31241	19.17
33	6/7/2023 17:10	31144.6	19.06
34	6/7/2023 17:20	31007.8	18.93
35	6/7/2023 17:30	31078.4	19.02
36	6/7/2023 17:40	30944.2	18.87
37	6/7/2023 17:50	30844.8	18.77
38	6/7/2023 18:00	31003.2	18.96
39	6/7/2023 18:10	31019.1	19.05
40	6/7/2023 18:20	31039.6	19.09
41	6/7/2023 18:30	30935.2	18.91
42	6/7/2023 18:40	30951	19
43	6/7/2023 18:50	31039.6	19.07
44	6/7/2023 19:00	31101.2	19.14
45	6/7/2023 19:10	31110.3	19.15
46	6/7/2023 19:20	31149.2	19.2
47	6/7/2023 19:30	31098.9	19.02
48	6/7/2023 19:40	31051	18.95
49	6/7/2023 19:50	31146.9	19.04
50	6/7/2023 20:00	31108	19
51	6/7/2023 20:10	31073.8	18.88
52	6/7/2023 20:20	31069.2	18.72
53	6/7/2023 20:30	31078.4	18.61
54	6/7/2023 20:40	31080.6	18.57
55	6/7/2023 20:50	31094.3	18.42
56	6/7/2023 21:00	31103.5	18.4
57	6/7/2023 21:10	31167.5	18.33
58	6/7/2023 21:20	31206.5	18.06
59	6/7/2023 21:30	31222.6	17.91
60	6/7/2023 21:40	31222.6	17.58
61	6/7/2023 21:50	31201.9	17.63
62	6/7/2023 22:00	31179	17.43
63	6/7/2023 22:10	31162.9	17.5
64	6/7/2023 22:20	31158.4	17.48
65	6/7/2023 22:30	31162.9	17.38
66	6/7/2023 22:40	31179	17.44
67	6/7/2023 22:50	31153.8	17.27
68	6/7/2023 23:00	31142.3	17.18
69	6/7/2023 23:10	31153.8	17.2
70	6/7/2023 23:20	31156.1	17.22
71	6/7/2023 23:30	31110.3	17.08
72	6/7/2023 23:40	31130.9	17.1
73	6/7/2023 23:50	31096.6	17.12
74	6/8/2023 0:00	31114.9	17.08
75	6/8/2023 0:10	31126.3	17.08
76	6/8/2023 0:20	31101.2	17.09
77	6/8/2023 0:30	31108	17.03
78	6/8/2023 0:40	31089.8	16.95
79	6/8/2023 0:50	31098.9	16.96
80	6/8/2023 1:00	31085.2	16.96
81	6/8/2023 1:10	31087.5	16.99
82	6/8/2023 1:20	31076.1	16.98
83	6/8/2023 1:30	31094.3	17.04
84	6/8/2023 1:40	31103.5	17.08
85	6/8/2023 1:50	31112.6	17.14
86	6/8/2023 2:00	31110.3	17.07
87	6/8/2023 2:10	31114.9	17.08
88	6/8/2023 2:20	31096.6	17.05
89	6/8/2023 2:30	31156.1	17.13
90	6/8/2023 2:40	31112.6	17.13
91	6/8/2023 2:50	31087.5	17.24
92	6/8/2023 3:00	31121.7	17.19
93	6/8/2023 3:10	31089.8	17.27
94	6/8/2023 3:20	31110.3	17.33
95	6/8/2023 3:30	31057.8	17.33
96	6/8/2023 3:40	31041.9	17.34
97	6/8/2023 3:50	31001	17.34
98	6/8/2023 4:00	30889.9	17.23
99	6/8/2023 4:10	30867.3	17.42
100	6/8/2023 4:20	30887.7	17.39
101	6/8/2023 4:30	30874.1	17.5
102	6/8/2023 4:40	30847	17.39
103	6/8/2023 4:50	30835.8	17.46
104	6/8/2023 5:00	30815.5	17.48
105	6/8/2023 5:10	30781.8	17.33
106	6/8/2023 5:20	30781.8	17.38
107	6/8/2023 5:30	30804.2	17.46
108	6/8/2023 5:40	30790.8	17.44
109	6/8/2023 5:50	30656.3	17.33
110	6/8/2023 6:00	30634	17.27
111	6/8/2023 6:10	30576	17.22
112	6/8/2023 6:20	30564.9	17.22
113	6/8/2023 6:30	30531.6	17.24
114	6/8/2023 6:40	30487.2	17.2
115	6/8/2023 6:50	30509.4	17.26
116	6/8/2023 7:00	30491.7	17.33
117	6/8/2023 7:10	30536	17.42
118	6/8/2023 7:20	30571.6	17.46
119	6/8/2023 7:30	30591.6	17.44
120	6/8/2023 7:40	30600.5	17.51
121	6/8/2023 7:50	30518.3	17.51
122	6/8/2023 8:00	30547.1	17.68
123	6/8/2023 8:10	30600.5	17.77
124	6/8/2023 8:20	30593.8	17.77
125	6/8/2023 8:30	30620.6	17.72
126	6/8/2023 8:40	30634	17.76
127	6/8/2023 8:50	30640.7	17.76
128	6/8/2023 9:00	30714.4	17.82
129	6/8/2023 9:10	30718.9	17.81
130	6/8/2023 9:20	30808.7	17.89
131	6/8/2023 9:30	30876.4	17.92
132	6/8/2023 9:40	30923.9	17.89
133	6/8/2023 9:50	30987.3	17.87
134	6/8/2023 10:00	31062.4	17.79
135	6/8/2023 10:10	31153.8	17.57
136	6/8/2023 10:20	31137.8	17.75
137	6/8/2023 10:30	31218	17.48
138	6/8/2023 10:40	31208.8	17.57
139	6/8/2023 10:50	31224.9	17.58
140	6/8/2023 11:00	31254.8	17.53
141	6/8/2023 11:10	31270.9	17.56
142	6/8/2023 11:20	31293.9	17.63
143	6/8/2023 11:30	31305.4	17.65
144	6/8/2023 11:40	31298.5	17.7
145	6/8/2023 11:50	31312.4	17.77
146	6/8/2023 12:00	31344.7	17.86
147	6/8/2023 12:10	31330.8	17.79
148	6/8/2023 12:20	31333.1	17.7
149	6/8/2023 12:30	31351.6	17.89
150	6/8/2023 12:40	31374.8	17.96
151	6/8/2023 12:50	31393.3	18.08
152	6/8/2023 13:00	31367.8	17.97
153	6/8/2023 13:10	31421.1	18.13
154	6/8/2023 13:20	31486.2	18.35
155	6/8/2023 13:30	31479.2	18.39
156	6/8/2023 13:40	31509.4	18.61
157	6/8/2023 13:50	31535.1	18.88
158	6/8/2023 14:00	31563.1	19.02
159	6/8/2023 14:10	31621.6	19.24
160	6/8/2023 14:20	31647.4	19.52
161	6/8/2023 14:30	31595.8	19.34
162	6/8/2023 14:40	31574.8	19.28
163	6/8/2023 14:50	31663.8	19.49
164	6/8/2023 15:00	31642.7	19.39
165	6/8/2023 15:10	31701.4	19.79
166	6/8/2023 15:20	31748.5	20.01
167	6/8/2023 15:30	31760.3	20.07
168	6/8/2023 15:40	31772.1	20.15
169	6/8/2023 15:50	31663.8	19.78
170	6/8/2023 16:00	31774.4	20.35
171	6/8/2023 16:10	31800.4	20.36
172	6/8/2023 16:20	31767.4	20.36
173	6/8/2023 16:30	31873.8	20.84
174	6/8/2023 16:40	31914.2	21.09
175	6/8/2023 16:50	31942.7	21.22
176	6/8/2023 17:00	31978.5	21.33
177	6/8/2023 17:10	31892.8	21.22
178	6/8/2023 17:20	31838.3	21.02
179	6/8/2023 17:30	31670.8	20.69
180	6/8/2023 17:40	31892.8	21.31
181	6/8/2023 17:50	31374.8	20.36
182	6/8/2023 18:00	31293.9	20.25
183	6/8/2023 18:10	31310.1	20.27
184	6/8/2023 18:20	31149.2	20.1
185	6/8/2023 18:30	31231.8	20.29
186	6/8/2023 18:40	31227.2	20.32
187	6/8/2023 18:50	31224.9	20.31
188	6/8/2023 19:00	31206.5	20.32
189	6/8/2023 19:10	31257.1	20.42
190	6/8/2023 19:20	31250.2	20.51
191	6/8/2023 19:30	31275.5	20.58
192	6/8/2023 19:40	31280.1	20.61
193	6/8/2023 19:50	31229.5	20.51
194	6/8/2023 20:00	31156.1	20.39
195	6/8/2023 20:10	31073.8	20.29
196	6/8/2023 20:20	31098.9	20.36
197	6/8/2023 20:30	30976	20.11
198	6/8/2023 20:40	30971.4	20.08
199	6/8/2023 20:50	30953.3	20.08
200	6/8/2023 21:00	30935.2	20.1
201	6/8/2023 21:10	30932.9	20.17
202	6/8/2023 21:20	30862.8	19.96
203	6/8/2023 21:30	30853.8	19.74
204	6/8/2023 21:40	30831.3	19.52
205	6/8/2023 21:50	30840.3	19.53
206	6/8/2023 22:00	30820	19.39
207	6/8/2023 22:10	30829	19.4
208	6/8/2023 22:20	30779.5	19.26
209	6/8/2023 22:30	30871.9	19.24
210	6/8/2023 22:40	30871.9	19.02
211	6/8/2023 22:50	30889.9	18.82
212	6/8/2023 23:00	30874.1	18.61
213	6/8/2023 23:10	30826.8	18.4
214	6/8/2023 23:20	30842.5	18.19
215	6/8/2023 23:30	30838	18.27
216	6/8/2023 23:40	30840.3	18.3
217	6/8/2023 23:50	30844.8	18.3
218	6/9/2023 0:00	30815.5	18.18
219	6/9/2023 0:10	30811	18.14
220	6/9/2023 0:20	30797.5	18.11
221	6/9/2023 0:30	30811	18.05
222	6/9/2023 0:40	30811	18.01
223	6/9/2023 0:50	30768.3	17.92
224	6/9/2023 1:00	30781.8	17.91
225	6/9/2023 1:10	30775	17.95
226	6/9/2023 1:20	30761.5	17.91
227	6/9/2023 1:30	30775	17.91
228	6/9/2023 1:40	30757	17.9
229	6/9/2023 1:50	30745.8	17.86
230	6/9/2023 2:00	30745.8	17.87
231	6/9/2023 2:10	30750.3	17.9
232	6/9/2023 2:20	30759.3	17.87
233	6/9/2023 2:30	30721.2	17.9
234	6/9/2023 2:40	30727.9	18.05
235	6/9/2023 2:50	30727.9	17.94
236	6/9/2023 3:00	30754.8	17.79
237	6/9/2023 3:10	30743.6	17.79
238	6/9/2023 3:20	30716.7	17.85
239	6/9/2023 3:30	30654.1	17.74
240	6/9/2023 3:40	30770.5	17.89
241	6/9/2023 3:50	30752.6	17.8
242	6/9/2023 4:00	30777.3	17.97
243	6/9/2023 4:10	30768.3	18.03
244	6/9/2023 4:20	30582.7	17.95
245	6/9/2023 4:30	30658.5	18.03
246	6/9/2023 4:40	30478.4	17.76
247	6/9/2023 4:50	30551.6	17.91
248	6/9/2023 5:00	30500.5	17.89
249	6/9/2023 5:10	30465.1	17.91
250	6/9/2023 5:20	30480.6	17.9
251	6/9/2023 5:30	30458.5	17.9
252	6/9/2023 5:40	30471.7	17.94
253	6/9/2023 5:50	30456.3	17.96
254	6/9/2023 6:00	30412.1	18
255	6/9/2023 6:10	30315.2	17.96
256	6/9/2023 6:20	30284.5	17.94
257	6/9/2023 6:30	30264.8	17.95
258	6/9/2023 6:40	30264.8	17.91
259	6/9/2023 6:50	30249.4	17.92
260	6/9/2023 7:00	30242.9	17.95
261	6/9/2023 7:10	30218.8	18
262	6/9/2023 7:20	30203.5	18.1
263	6/9/2023 7:30	30218.8	18.11
264	6/9/2023 7:40	30229.8	18.2
265	6/9/2023 7:50	30210.1	18.24
266	6/9/2023 8:00	30258.2	18.29
267	6/9/2023 8:10	30242.9	18.34
268	6/9/2023 8:20	30280.1	18.37
269	6/9/2023 8:30	30286.7	18.43
270	6/9/2023 8:40	30256	18.51
271	6/9/2023 8:50	30260.4	18.68
272	6/9/2023 9:00	30293.3	18.69
273	6/9/2023 9:10	30291.1	18.76
274	6/9/2023 9:20	30280.1	18.78
275	6/9/2023 9:30	30280.1	18.78
276	6/9/2023 9:40	30321.8	18.81
277	6/9/2023 9:50	30321.8	18.82
278	6/9/2023 10:00	30359.2	18.78
279	6/9/2023 10:10	30443	18.88
280	6/9/2023 10:20	30493.9	18.83
281	6/9/2023 10:30	30449.6	18.83
282	6/9/2023 10:40	30542.7	18.8
283	6/9/2023 10:50	30600.5	18.63
284	6/9/2023 11:00	30654.1	18.19
285	6/9/2023 11:10	30647.4	18.27
286	6/9/2023 11:20	30696.5	17.85
287	6/9/2023 11:30	30701	17.95
288	6/9/2023 11:40	30669.7	17.99
289	6/9/2023 11:50	30701	17.8
290	6/9/2023 12:00	30692.1	17.91
291	6/9/2023 12:10	30710	17.76
292	6/9/2023 12:20	30703.2	17.7
293	6/9/2023 12:30	30718.9	17.72
294	6/9/2023 12:40	30707.7	17.87
295	6/9/2023 12:50	30707.7	17.8
296	6/9/2023 13:00	30716.7	17.7
297	6/9/2023 13:10	30736.9	17.8
298	6/9/2023 13:20	30766	17.95
299	6/9/2023 13:30	30802	18.01
300	6/9/2023 13:40	30781.8	18.03
301	6/9/2023 13:50	30788.5	18.09
302	6/9/2023 14:00	30826.8	18.2
303	6/9/2023 14:10	30824.5	18.24
304	6/9/2023 14:20	30847	18.28
305	6/9/2023 14:30	30840.3	18.33
306	6/9/2023 14:40	30856.1	18.38
307	6/9/2023 14:50	30871.9	18.48
308	6/9/2023 15:00	30928.4	18.63
309	6/9/2023 15:10	30946.5	18.73
310	6/9/2023 15:20	30978.3	19
311	6/9/2023 15:30	30978.3	18.95
312	6/9/2023 15:40	31044.2	19.29
313	6/9/2023 15:50	31014.6	19.77
314	6/9/2023 16:00	31051	19.88
315	6/9/2023 16:10	31149.2	20.5
316	6/9/2023 16:20	31114.9	20.49
317	6/9/2023 16:30	31140	20.65
318	6/9/2023 16:40	31103.5	20.71
319	6/9/2023 16:50	31114.9	20.69
320	6/9/2023 17:00	31108	20.53
321	6/9/2023 17:10	31105.8	20.58
322	6/9/2023 17:20	31121.7	20.6
323	6/9/2023 17:30	31014.6	20.32
324	6/9/2023 17:40	30996.4	20.27
325	6/9/2023 17:50	31073.8	20.53
326	6/9/2023 18:00	31105.8	20.8
327	6/9/2023 18:10	31146.9	20.95
328	6/9/2023 18:20	31146.9	21.02
329	6/9/2023 18:30	31153.8	21.13
330	6/9/2023 18:40	31053.3	20.98
331	6/9/2023 18:50	30799.7	20.4
332	6/9/2023 19:00	30806.5	20.36
333	6/9/2023 19:10	30781.8	20.35
334	6/9/2023 19:20	30685.3	20.15
335	6/9/2023 19:30	30705.5	20.37
336	6/9/2023 19:40	30808.7	20.53
337	6/9/2023 19:50	30844.8	20.5
338	6/9/2023 20:00	30820	20.5
339	6/9/2023 20:10	30883.2	20.64
340	6/9/2023 20:20	30849.3	20.64
341	6/9/2023 20:30	30871.9	20.65
342	6/9/2023 20:40	30867.3	20.63
343	6/9/2023 20:50	30838	20.59
344	6/9/2023 21:00	30826.8	20.53
345	6/9/2023 21:10	30707.7	20.27
346	6/9/2023 21:20	30694.3	20.2
347	6/9/2023 21:30	30676.4	20.15
348	6/9/2023 21:40	30694.3	20.17
349	6/9/2023 21:50	30669.7	20.1
350	6/9/2023 22:00	30665.2	20.05
351	6/9/2023 22:10	30665.2	20.05
352	6/9/2023 22:20	30721.2	20.06
353	6/9/2023 22:30	30680.9	19.93
354	6/9/2023 22:40	30629.5	19.77
355	6/9/2023 22:50	30642.9	19.68
356	6/9/2023 23:00	30671.9	19.67
357	6/9/2023 23:10	30687.6	19.55
358	6/9/2023 23:20	30678.6	19.52
359	6/9/2023 23:30	30645.1	19.3
360	6/9/2023 23:40	30689.8	19.23
361	6/9/2023 23:50	30768.3	19.11
362	6/10/2023 0:00	30761.5	19.05
363	6/10/2023 0:10	30784	18.93
364	6/10/2023 0:20	30813.2	18.86
365	6/10/2023 0:30	30802	18.8
366	6/10/2023 0:40	30790.8	18.68
367	6/10/2023 0:50	30826.8	18.72
368	6/10/2023 1:00	30806.5	18.75
369	6/10/2023 1:10	30815.5	18.68
370	6/10/2023 1:20	30808.7	18.63
371	6/10/2023 1:30	30806.5	18.66
372	6/10/2023 1:40	30802	18.69
373	6/10/2023 1:50	30802	18.57
374	6/10/2023 2:00	30781.8	18.56
375	6/10/2023 2:10	30775	18.54
376	6/10/2023 2:20	30797.5	18.56
377	6/10/2023 2:30	30795.2	18.56
378	6/10/2023 2:40	30813.2	18.49
379	6/10/2023 2:50	30808.7	18.42
380	6/10/2023 3:00	30815.5	18.39
381	6/10/2023 3:10	30795.2	18.39
382	6/10/2023 3:20	30820	18.42
383	6/10/2023 3:30	30831.3	18.51
384	6/10/2023 3:40	30811	18.44
385	6/10/2023 3:50	30784	18.43
386	6/10/2023 4:00	30752.6	18.43
387	6/10/2023 4:10	30766	18.38
388	6/10/2023 4:20	30786.3	18.37
389	6/10/2023 4:30	30745.8	18.38
390	6/10/2023 4:40	30680.9	18.27
391	6/10/2023 4:50	30727.9	18.42
392	6/10/2023 5:00	30790.8	18.52
393	6/10/2023 5:10	30806.5	18.62
394	6/10/2023 5:20	30669.7	18.4
395	6/10/2023 5:30	30616.1	18.39
396	6/10/2023 5:40	30498.3	18.14
397	6/10/2023 5:50	30469.5	18.1
398	6/10/2023 6:00	30516.1	18.16
399	6/10/2023 6:10	30465.1	18.16
400	6/10/2023 6:20	30471.7	18.25
401	6/10/2023 6:30	30491.7	18.32
402	6/10/2023 6:40	30429.7	18.23
403	6/10/2023 6:50	30368	18.28
404	6/10/2023 7:00	30346	18.24
405	6/10/2023 7:10	30354.8	18.34
406	6/10/2023 7:20	30335	18.35
407	6/10/2023 7:30	30337.2	18.38
408	6/10/2023 7:40	30328.4	18.42
409	6/10/2023 7:50	30324	18.44
410	6/10/2023 8:00	30321.8	18.52
411	6/10/2023 8:10	30299.9	18.57
412	6/10/2023 8:20	30324	18.63
413	6/10/2023 8:30	30310.8	18.71
414	6/10/2023 8:40	30293.3	18.82
415	6/10/2023 8:50	30368	18.71
416	6/10/2023 9:00	30368	18.78
417	6/10/2023 9:10	30299.9	19.06
418	6/10/2023 9:20	30295.5	19.19
419	6/10/2023 9:30	30306.4	19.17
420	6/10/2023 9:40	30321.8	19.24
421	6/10/2023 9:50	30348.2	19.25
422	6/10/2023 10:00	30379	19.34
423	6/10/2023 10:10	30403.3	19.39
424	6/10/2023 10:20	30414.3	19.48
425	6/10/2023 10:30	30443	19.53
426	6/10/2023 10:40	30511.6	19.63
427	6/10/2023 10:50	30507.2	19.67
428	6/10/2023 11:00	30613.9	19.83
429	6/10/2023 11:10	30598.3	19.6
430	6/10/2023 11:20	30634	19.64
431	6/10/2023 11:30	30667.5	19.63
432	6/10/2023 11:40	30768.3	19.36
433	6/10/2023 11:50	30838	19.3
434	6/10/2023 12:00	30876.4	19.11
435	6/10/2023 12:10	30871.9	18.9
436	6/10/2023 12:20	30885.4	19.02
437	6/10/2023 12:30	30901.2	18.76
438	6/10/2023 12:40	30917.1	19.09
439	6/10/2023 12:50	30939.7	18.78
440	6/10/2023 13:00	30939.7	18.81
441	6/10/2023 13:10	30935.2	18.82
442	6/10/2023 13:20	30932.9	19.04
443	6/10/2023 13:30	30928.4	18.63
444	6/10/2023 13:40	30953.3	18.71
445	6/10/2023 13:50	30953.3	18.82
446	6/10/2023 14:00	30955.6	18.96
447	6/10/2023 14:10	30948.8	18.97
448	6/10/2023 14:20	30985.1	18.91
449	6/10/2023 14:30	30985.1	19.09
450	6/10/2023 14:40	30973.7	19.02
451	6/10/2023 14:50	30976	19
452	6/10/2023 15:00	30985.1	19.04
453	6/10/2023 15:10	30978.3	19.05
454	6/10/2023 15:20	30998.7	19.04
455	6/10/2023 15:30	31016.9	19.17
456	6/10/2023 15:40	31003.2	19.33
457	6/10/2023 15:50	30919.3	19.58
458	6/10/2023 16:00	30874.1	19.41
459	6/10/2023 16:10	30923.9	19.35
460	6/10/2023 16:20	30883.2	19.33
461	6/10/2023 16:30	30926.1	19.35
462	6/10/2023 16:40	30926.1	19.4
463	6/10/2023 16:50	30939.7	19.44
464	6/10/2023 17:00	30939.7	19.53
465	6/10/2023 17:10	30978.3	19.58
466	6/10/2023 17:20	30991.9	19.72
467	6/10/2023 17:30	31003.2	19.79
468	6/10/2023 17:40	30957.8	19.88
469	6/10/2023 17:50	31014.6	20.17
470	6/10/2023 18:00	31012.3	20.48
471	6/10/2023 18:10	30842.5	20.18
472	6/10/2023 18:20	30887.7	20.48
473	6/10/2023 18:30	30842.5	20.45
474	6/10/2023 18:40	30808.7	20.3
475	6/10/2023 18:50	30799.7	20.36
476	6/10/2023 19:00	30826.8	20.41
477	6/10/2023 19:10	30799.7	20.37
478	6/10/2023 19:20	30736.9	20.44
479	6/10/2023 19:30	30721.2	20.4
480	6/10/2023 19:40	30759.3	20.48
481	6/10/2023 19:50	30741.3	20.39
482	6/10/2023 20:00	30683.1	20.3
483	6/10/2023 20:10	30701	20.32
484	6/10/2023 20:20	30536	20.22
485	6/10/2023 20:30	30500.5	20.2
486	6/10/2023 20:40	30516.1	20.17
487	6/10/2023 20:50	30498.3	20.17
488	6/10/2023 21:00	30507.2	20.13
489	6/10/2023 21:10	30493.9	20.1
490	6/10/2023 21:20	30451.8	20.1
491	6/10/2023 21:30	30482.8	20.12
492	6/10/2023 21:40	30425.3	20.15
493	6/10/2023 21:50	30407.7	20.07
494	6/10/2023 22:00	30365.8	20.07
495	6/10/2023 22:10	30372.4	20.06
496	6/10/2023 22:20	30372.4	20.07
497	6/10/2023 22:30	30401	20.08
498	6/10/2023 22:40	30390	20.1
499	6/10/2023 22:50	30429.7	20.11
500	6/10/2023 23:00	30429.7	20.12
501	6/10/2023 23:10	30443	20.12
502	6/10/2023 23:20	30467.3	20.11
503	6/10/2023 23:30	30447.4	20.06
504	6/10/2023 23:40	30471.7	20.02
505	6/10/2023 23:50	30498.3	19.94
506	6/11/2023 0:00	30505	19.94
507	6/11/2023 0:10	30571.6	19.87
508	6/11/2023 0:20	30616.1	19.77
509	6/11/2023 0:30	30627.3	19.67
510	6/11/2023 0:40	30629.5	19.65
511	6/11/2023 0:50	30732.4	19.49
512	6/11/2023 1:00	30754.8	19.5
513	6/11/2023 1:10	30815.5	19.36
514	6/11/2023 1:20	30833.5	19.19
515	6/11/2023 1:30	30856.1	19.12
516	6/11/2023 1:40	30856.1	18.93
517	6/11/2023 1:50	30885.4	18.99
518	6/11/2023 2:00	30871.9	18.96
519	6/11/2023 2:10	30842.5	18.91
520	6/11/2023 2:20	30887.7	18.9
521	6/11/2023 2:30	30887.7	18.86
522	6/11/2023 2:40	30865.1	18.8
523	6/11/2023 2:50	30862.8	18.77
524	6/11/2023 3:00	30883.2	18.75
525	6/11/2023 3:10	30862.8	18.75
526	6/11/2023 3:20	30865.1	18.67
527	6/11/2023 3:30	30867.3	18.59
528	6/11/2023 3:40	30858.3	18.45
529	6/11/2023 3:50	30862.8	18.39
530	6/11/2023 4:00	30840.3	18.38
531	6/11/2023 4:10	30851.6	18.39
532	6/11/2023 4:20	30849.3	18.4
533	6/11/2023 4:30	30856.1	18.45
534	6/11/2023 4:40	30874.1	18.57
535	6/11/2023 4:50	30867.3	18.45
536	6/11/2023 5:00	30869.6	18.44
537	6/11/2023 5:10	30885.4	18.49
538	6/11/2023 5:20	30883.2	18.57
539	6/11/2023 5:30	30883.2	18.64
540	6/11/2023 5:40	30838	18.71
541	6/11/2023 5:50	30786.3	18.67
542	6/11/2023 6:00	30607.2	18.47
543	6/11/2023 6:10	30584.9	18.54
544	6/11/2023 6:20	30591.6	18.58
545	6/11/2023 6:30	30538.3	18.56
546	6/11/2023 6:40	30505	18.58
547	6/11/2023 6:50	30449.6	18.75
548	6/11/2023 7:00	30447.4	18.73
549	6/11/2023 7:10	30359.2	18.68
550	6/11/2023 7:20	30348.2	18.71
551	6/11/2023 7:30	30284.5	18.72
552	6/11/2023 7:40	30291.1	18.78
553	6/11/2023 7:50	30269.2	18.87
554	6/11/2023 8:00	30288.9	18.97
555	6/11/2023 8:10	30262.6	18.95
556	6/11/2023 8:20	30253.8	19.07
557	6/11/2023 8:30	30227.6	19.09
558	6/11/2023 8:40	30308.6	19.28
559	6/11/2023 8:50	30295.5	19.44
560	6/11/2023 9:00	30304.2	19.5
561	6/11/2023 9:10	30286.7	19.72
562	6/11/2023 9:20	30273.5	19.77
563	6/11/2023 9:30	30343.8	19.88
564	6/11/2023 9:40	30398.8	20.01
565	6/11/2023 9:50	30332.8	20.05
566	6/11/2023 10:00	30348.2	20.27
567	6/11/2023 10:10	30368	20.34
568	6/11/2023 10:20	30350.4	20.4
569	6/11/2023 10:30	30427.5	20.56
570	6/11/2023 10:40	30423.1	20.68
571	6/11/2023 10:50	30496.1	20.73
572	6/11/2023 11:00	30573.8	20.88
573	6/11/2023 11:10	30600.5	20.94
574	6/11/2023 11:20	30609.4	20.94
575	6/11/2023 11:30	30647.4	21.09
576	6/11/2023 11:40	30685.3	21.22
577	6/11/2023 11:50	30712.2	21.22
578	6/11/2023 12:00	30714.4	21.18
579	6/11/2023 12:10	30757	20.99
580	6/11/2023 12:20	30804.2	21.01
581	6/11/2023 12:30	30844.8	20.99
582	6/11/2023 12:40	30862.8	20.99
583	6/11/2023 12:50	30878.6	21.01
584	6/11/2023 13:00	31053.3	20.75
585	6/11/2023 13:10	31037.3	20.7
586	6/11/2023 13:20	31055.6	20.66
587	6/11/2023 13:30	31078.4	20.53
588	6/11/2023 13:40	31108	20.34
589	6/11/2023 13:50	31140	20.2
590	6/11/2023 14:00	31137.8	20.17
591	6/11/2023 14:10	31135.5	20.21
592	6/11/2023 14:20	31144.6	20.02
593	6/11/2023 14:30	31153.8	20.03
594	6/11/2023 14:40	31149.2	20.1
595	6/11/2023 14:50	31169.8	20.22
596	6/11/2023 15:00	31144.6	20.16
597	6/11/2023 15:10	31174.4	20.18
598	6/11/2023 15:20	31156.1	19.96
599	6/11/2023 15:30	31172.1	20.08
600	6/11/2023 15:40	31179	20.06
601	6/11/2023 15:50	31176.7	20.21
602	6/11/2023 16:00	31218	20.24
603	6/11/2023 16:10	31185.8	20.21
604	6/11/2023 16:20	31195	20.24
605	6/11/2023 16:30	31183.6	20.29
606	6/11/2023 16:40	31234.1	20.31
607	6/11/2023 16:50	31224.9	20.34
608	6/11/2023 17:00	31222.6	20.39
609	6/11/2023 17:10	31326.2	20.82
610	6/11/2023 17:20	31303.1	20.95
611	6/11/2023 17:30	31289.3	21.01
612	6/11/2023 17:40	31280.1	20.71
613	6/11/2023 17:50	31277.8	20.77
614	6/11/2023 18:00	31293.9	20.83
615	6/11/2023 18:10	31273.2	20.98
616	6/11/2023 18:20	31287	20.95
617	6/11/2023 18:30	31317	21.36
618	6/11/2023 18:40	31307.7	21.64
619	6/11/2023 18:50	31280.1	21.89
620	6/11/2023 19:00	31289.3	21.93
621	6/11/2023 19:10	31333.1	22.2
622	6/11/2023 19:20	31370.1	22.37
623	6/11/2023 19:30	31358.6	22.44
624	6/11/2023 19:40	31391	22.66
625	6/11/2023 19:50	31381.7	22.98
626	6/11/2023 20:00	31347	22.66
627	6/11/2023 20:10	31241	22.63
628	6/11/2023 20:20	31234.1	22.61
629	6/11/2023 20:30	31287	22.61
630	6/11/2023 20:40	31268.6	22.61
631	6/11/2023 20:50	31254.8	22.58
632	6/11/2023 21:00	31280.1	22.72
633	6/11/2023 21:10	31266.3	22.84
634	6/11/2023 21:20	31204.2	22.79
635	6/11/2023 21:30	31179	22.66
636	6/11/2023 21:40	31105.8	22.47
637	6/11/2023 21:50	31019.1	22.15
638	6/11/2023 22:00	30813.2	21.81
639	6/11/2023 22:10	30799.7	21.75
640	6/11/2023 22:20	30784	21.71
641	6/11/2023 22:30	30824.5	21.8
642	6/11/2023 22:40	30736.9	21.57
643	6/11/2023 22:50	30703.2	21.61
644	6/11/2023 23:00	30802	21.69
645	6/11/2023 23:10	30806.5	21.65
646	6/11/2023 23:20	30786.3	21.61
647	6/11/2023 23:30	30797.5	21.67
648	6/11/2023 23:40	30802	21.81
649	6/11/2023 23:50	30790.8	21.66
650	6/12/2023 0:00	30820	21.76
651	6/12/2023 0:10	30817.8	21.66
652	6/12/2023 0:20	30802	21.67
653	6/12/2023 0:30	30766	21.57
654	6/12/2023 0:40	30754.8	21.52
655	6/12/2023 0:50	30781.8	21.52
656	6/12/2023 1:00	30802	21.51
657	6/12/2023 1:10	30833.5	21.43
658	6/12/2023 1:20	30871.9	21.18
659	6/12/2023 1:30	30887.7	21.17
660	6/12/2023 1:40	30932.9	21.03
661	6/12/2023 1:50	30942	20.94
662	6/12/2023 2:00	30996.4	20.88
663	6/12/2023 2:10	30989.6	20.8
664	6/12/2023 2:20	31028.2	20.78
665	6/12/2023 2:30	31014.6	20.77
666	6/12/2023 2:40	31039.6	20.68
667	6/12/2023 2:50	31030.5	20.65
668	6/12/2023 3:00	31087.5	20.51
669	6/12/2023 3:10	31062.4	20.49
670	6/12/2023 3:20	31039.6	20.54
671	6/12/2023 3:30	31046.5	20.56
672	6/12/2023 3:40	31103.5	20.39
673	6/12/2023 3:50	31128.6	20.27
674	6/12/2023 4:00	31105.8	20.34
675	6/12/2023 4:10	31078.4	20.34
676	6/12/2023 4:20	31092.1	20.34
677	6/12/2023 4:30	31069.2	20.36
678	6/12/2023 4:40	31069.2	20.34
679	6/12/2023 4:50	31117.2	20.29
680	6/12/2023 5:00	31080.6	20.25
681	6/12/2023 5:10	31053.3	20.24
682	6/12/2023 5:20	31082.9	20.25
683	6/12/2023 5:30	31092.1	20.22
684	6/12/2023 5:40	31080.6	20.21
685	6/12/2023 5:50	31098.9	20.2
686	6/12/2023 6:00	31108	20.1
687	6/12/2023 6:10	31103.5	20.15
688	6/12/2023 6:20	31103.5	20.2
689	6/12/2023 6:30	31089.8	20.21
690	6/12/2023 6:40	31080.6	20.27
691	6/12/2023 6:50	31094.3	20.35
692	6/12/2023 7:00	31012.3	20.44
693	6/12/2023 7:10	30876.4	20.46
694	6/12/2023 7:20	30914.8	20.42
695	6/12/2023 7:30	30878.6	20.39
696	6/12/2023 7:40	30829	20.37
697	6/12/2023 7:50	30822.3	20.39
698	6/12/2023 8:00	30770.5	20.36
699	6/12/2023 8:10	30779.5	20.39
700	6/12/2023 8:20	30775	20.51
701	6/12/2023 8:30	30736.9	20.64
702	6/12/2023 8:40	30748.1	20.7
703	6/12/2023 8:50	30768.3	20.73
704	6/12/2023 9:00	30768.3	20.79
705	6/12/2023 9:10	30739.1	20.85
706	6/12/2023 9:20	30752.6	20.93
707	6/12/2023 9:30	30703.2	21.01
708	6/12/2023 9:40	30734.6	21.08
709	6/12/2023 9:50	30739.1	21.14
710	6/12/2023 10:00	30710	21.26
711	6/12/2023 10:10	30705.5	21.33
712	6/12/2023 10:20	30721.2	21.37
713	6/12/2023 10:30	30736.9	21.4
714	6/12/2023 10:40	30763.8	21.46
715	6/12/2023 10:50	30768.3	21.52
716	6/12/2023 11:00	30741.3	21.54
717	6/12/2023 11:10	30775	21.6
718	6/12/2023 11:20	30779.5	21.62
719	6/12/2023 11:30	30788.5	21.64
720	6/12/2023 11:40	30806.5	21.66
721	6/12/2023 11:50	30790.8	21.67
722	6/12/2023 12:00	30799.7	21.66
723	6/12/2023 12:10	30799.7	21.7
724	6/12/2023 12:20	30811	21.73
725	6/12/2023 12:30	30847	21.78
726	6/12/2023 12:40	30858.3	21.86
727	6/12/2023 12:50	30865.1	21.91
728	6/12/2023 13:00	30896.7	21.89
729	6/12/2023 13:10	30991.9	21.84
730	6/12/2023 13:20	31039.6	21.8
731	6/12/2023 13:30	31087.5	21.74
732	6/12/2023 13:40	31160.6	21.57
733	6/12/2023 13:50	31144.6	21.61
734	6/12/2023 14:00	31149.2	21.43
735	6/12/2023 14:10	31183.6	21.25
736	6/12/2023 14:20	31227.2	21.14
737	6/12/2023 14:30	31206.5	20.92
738	6/12/2023 14:40	31220.3	20.84
739	6/12/2023 14:50	31245.6	20.78
740	6/12/2023 15:00	31241	20.71
741	6/12/2023 15:10	31222.6	20.71
742	6/12/2023 15:20	31231.8	20.58
743	6/12/2023 15:30	31220.3	20.5
744	6/12/2023 15:40	31053.3	20.49
745	6/12/2023 15:50	31252.5	20.5
746	6/12/2023 16:00	31208.8	20.51
747	6/12/2023 16:10	31243.3	20.48
748	6/12/2023 16:20	31245.6	20.42
749	6/12/2023 16:30	31257.1	20.48
750	6/12/2023 16:40	31243.3	20.42
751	6/12/2023 16:50	31245.6	20.42
752	6/12/2023 17:00	31224.9	20.31
753	6/12/2023 17:10	31238.7	20.36
754	6/12/2023 17:20	31243.3	20.37
755	6/12/2023 17:30	31243.3	20.39
756	6/12/2023 17:40	31250.2	20.44
757	6/12/2023 17:50	31250.2	20.46
758	6/12/2023 18:00	31257.1	20.46
759	6/12/2023 18:10	31273.2	20.49
760	6/12/2023 18:20	31243.3	20.49
761	6/12/2023 18:30	31270.9	20.55
762	6/12/2023 18:40	31268.6	20.53
763	6/12/2023 18:50	31268.6	20.58
764	6/12/2023 19:00	31293.9	20.71
765	6/12/2023 19:10	31307.7	20.78
766	6/12/2023 19:20	31303.1	20.95
767	6/12/2023 19:30	31296.2	21.02
768	6/12/2023 19:40	31310.1	21.16
769	6/12/2023 19:50	31307.7	21.23
770	6/12/2023 20:00	31335.4	21.33
771	6/12/2023 20:10	31298.5	21.47
772	6/12/2023 20:20	31291.6	21.46
773	6/12/2023 20:30	31293.9	21.56
774	6/12/2023 20:40	31303.1	21.79
775	6/12/2023 20:50	31257.1	21.8
776	6/12/2023 21:00	31222.6	21.83
777	6/12/2023 21:10	31199.6	21.9
778	6/12/2023 21:20	31213.4	21.89
779	6/12/2023 21:30	31195	21.9
780	6/12/2023 21:40	31195	21.95
781	6/12/2023 21:50	31188.1	21.97
782	6/12/2023 22:00	31153.8	22.14
783	6/12/2023 22:10	31130.9	22.03
784	6/12/2023 22:20	31140	21.99
785	6/12/2023 22:30	31103.5	21.94
786	6/12/2023 22:40	31062.4	21.95
787	6/12/2023 22:50	31080.6	21.98
788	6/12/2023 23:00	31089.8	21.98
789	6/12/2023 23:10	31076.1	21.99
790	6/12/2023 23:20	31082.9	21.95
791	6/12/2023 23:30	31048.7	22.12
792	6/12/2023 23:40	31039.6	22.05
793	6/12/2023 23:50	31053.3	22.05
794	6/13/2023 0:00	31057.8	22.27
795	6/13/2023 0:10	30962.4	22.18
796	6/13/2023 0:20	30973.7	22.23
797	6/13/2023 0:30	30976	22.29
798	6/13/2023 0:40	30935.2	22.22
799	6/13/2023 0:50	30969.2	22.27
800	6/13/2023 1:00	30944.2	22.12
801	6/13/2023 1:10	30946.5	22.04
802	6/13/2023 1:20	30953.3	21.93
803	6/13/2023 1:30	30946.5	21.89
804	6/13/2023 1:40	30926.1	21.79
805	6/13/2023 1:50	30957.8	21.8
806	6/13/2023 2:00	30935.2	21.73
807	6/13/2023 2:10	31039.6	21.45
808	6/13/2023 2:20	31012.3	21.41
809	6/13/2023 2:30	31028.2	21.36
810	6/13/2023 2:40	31023.7	21.4
811	6/13/2023 2:50	31037.3	21.36
812	6/13/2023 3:00	31078.4	21.3
813	6/13/2023 3:10	31048.7	21.37
814	6/13/2023 3:20	31082.9	21.27
815	6/13/2023 3:30	31062.4	21.26
816	6/13/2023 3:40	31089.8	21.28
817	6/13/2023 3:50	31101.2	21.09
818	6/13/2023 4:00	31087.5	20.9
819	6/13/2023 4:10	31053.3	20.84
820	6/13/2023 4:20	31101.2	20.61
821	6/13/2023 4:30	31064.7	20.3
822	6/13/2023 4:40	31078.4	20.15
823	6/13/2023 4:50	31103.5	20.15
824	6/13/2023 5:00	31071.5	20.17
825	6/13/2023 5:10	31092.1	20.17
826	6/13/2023 5:20	31067	20.17
827	6/13/2023 5:30	31069.2	20.16
828	6/13/2023 5:40	31103.5	20.16
829	6/13/2023 5:50	31064.7	20.2
830	6/13/2023 6:00	31080.6	20.18
831	6/13/2023 6:10	31073.8	20.2
832	6/13/2023 6:20	31094.3	20.22
833	6/13/2023 6:30	31080.6	20.22
834	6/13/2023 6:40	31085.2	20.21
835	6/13/2023 6:50	31094.3	20.24
836	6/13/2023 7:00	31055.6	20.34
837	6/13/2023 7:10	31092.1	20.3
838	6/13/2023 7:20	31078.4	20.65
839	6/13/2023 7:30	31067	20.65
840	6/13/2023 7:40	31062.4	20.64
841	6/13/2023 7:50	31046.5	20.73
842	6/13/2023 8:00	31012.3	20.75
843	6/13/2023 8:10	30989.6	20.75
844	6/13/2023 8:20	30962.4	20.87
845	6/13/2023 8:30	30960.1	20.94
846	6/13/2023 8:40	30923.9	21.07
847	6/13/2023 8:50	30953.3	21.09
848	6/13/2023 9:00	30903.5	21.22
849	6/13/2023 9:10	30914.8	21.28
850	6/13/2023 9:20	30896.7	21.36
851	6/13/2023 9:30	30869.6	21.33
852	6/13/2023 9:40	30887.7	21.37
853	6/13/2023 9:50	30883.2	21.43
854	6/13/2023 10:00	30899	21.43
855	6/13/2023 10:10	30858.3	21.55
856	6/13/2023 10:20	30856.1	21.6
857	6/13/2023 10:30	30826.8	21.65
858	6/13/2023 10:40	30871.9	21.65
859	6/13/2023 10:50	30871.9	21.7
860	6/13/2023 11:00	30871.9	21.75
861	6/13/2023 11:10	30899	21.8
862	6/13/2023 11:20	30871.9	21.9
863	6/13/2023 11:30	30919.3	22.04
864	6/13/2023 11:40	30939.7	22.15
865	6/13/2023 11:50	30937.4	22.24
866	6/13/2023 12:00	30946.5	22.36
867	6/13/2023 12:10	31012.3	22.57
868	6/13/2023 12:20	30989.6	22.6
869	6/13/2023 12:30	31007.8	22.66
870	6/13/2023 12:40	31069.2	22.75
871	6/13/2023 12:50	31046.5	22.81
872	6/13/2023 13:00	31069.2	22.89
873	6/13/2023 13:10	31105.8	22.96
874	6/13/2023 13:20	31142.3	23.08
875	6/13/2023 13:30	31160.6	23.11
876	6/13/2023 13:40	31183.6	23.2
877	6/13/2023 13:50	31176.7	23.09
878	6/13/2023 14:00	31137.8	22.87
879	6/13/2023 14:10	31241	22.62
880	6/13/2023 14:20	31333.1	22.42
881	6/13/2023 14:30	31340.1	22.43
882	6/13/2023 14:40	31337.8	22.53
883	6/13/2023 14:50	31365.5	21.78
884	6/13/2023 15:00	31379.4	21.81
885	6/13/2023 15:10	31377.1	21.56
886	6/13/2023 15:20	31353.9	21.41
887	6/13/2023 15:30	31349.3	21.32
888	6/13/2023 15:40	31335.4	20.99
889	6/13/2023 15:50	31340.1	20.9
890	6/13/2023 16:00	31335.4	20.82
891	6/13/2023 16:10	31305.4	20.45
892	6/13/2023 16:20	31330.8	20.59
893	6/13/2023 16:30	31330.8	20.8
894	6/13/2023 16:40	31317	20.66
895	6/13/2023 16:50	31270.9	20.4
896	6/13/2023 17:00	31314.7	20.84
897	6/13/2023 17:10	31337.8	20.99
898	6/13/2023 17:20	31250.2	20.34
899	6/13/2023 17:30	31296.2	20.46
900	6/13/2023 17:40	31305.4	20.59
901	6/13/2023 17:50	31323.9	20.7
902	6/13/2023 18:00	31321.6	20.75
903	6/13/2023 18:10	31310.1	20.78
904	6/13/2023 18:20	31319.3	20.74
905	6/13/2023 18:30	31312.4	20.73
906	6/13/2023 18:40	31307.7	20.69
907	6/13/2023 18:50	31307.7	20.66
908	6/13/2023 19:00	31319.3	20.68
909	6/13/2023 19:10	31307.7	20.7
910	6/13/2023 19:20	31312.4	20.74
911	6/13/2023 19:30	31282.4	20.75
912	6/13/2023 19:40	31312.4	20.78
913	6/13/2023 19:50	31310.1	20.79
914	6/13/2023 20:00	31381.7	21.3
915	6/13/2023 20:10	31435	22.1
916	6/13/2023 20:20	31421.1	22.15
917	6/13/2023 20:30	31370.1	22.26
918	6/13/2023 20:40	31291.6	22.39
919	6/13/2023 20:50	31303.1	22.24
920	6/13/2023 21:00	31291.6	22.33
921	6/13/2023 21:10	31257.1	22.38
922	6/13/2023 21:20	31247.9	22.37
923	6/13/2023 21:30	31264	22.5
924	6/13/2023 21:40	31231.8	22.57
925	6/13/2023 21:50	31245.6	22.48
926	6/13/2023 22:00	31236.4	22.33
927	6/13/2023 22:10	31126.3	22.07
928	6/13/2023 22:20	31149.2	22.04
929	6/13/2023 22:30	31103.5	22.03
930	6/13/2023 22:40	31098.9	22.03
931	6/13/2023 22:50	31021.4	22.12
932	6/13/2023 23:00	31062.4	22.14
933	6/13/2023 23:10	31076.1	22.15
934	6/13/2023 23:20	31067	22.08
935	6/13/2023 23:30	31028.2	21.91
936	6/13/2023 23:40	30989.6	21.85
937	6/13/2023 23:50	30928.4	21.85
938	6/14/2023 0:00	30951	21.84
939	6/14/2023 0:10	30928.4	21.81
940	6/14/2023 0:20	30917.1	21.81
941	6/14/2023 0:30	30883.2	21.78
942	6/14/2023 0:40	30923.9	21.8
943	6/14/2023 0:50	30899	21.83
944	6/14/2023 1:00	30889.9	21.84
945	6/14/2023 1:10	30899	21.8
946	6/14/2023 1:20	30860.6	21.75
947	6/14/2023 1:30	30784	21.64
948	6/14/2023 1:40	30811	21.52
949	6/14/2023 1:50	30799.7	21.47
950	6/14/2023 2:00	30799.7	21.57
951	6/14/2023 2:10	30838	21.71
952	6/14/2023 2:20	30831.3	21.71
953	6/14/2023 2:30	30831.3	21.64
954	6/14/2023 2:40	30790.8	21.54
955	6/14/2023 2:50	30793	21.51
956	6/14/2023 3:00	30802	21.52
957	6/14/2023 3:10	30849.3	21.55
958	6/14/2023 3:20	30889.9	21.54
959	6/14/2023 3:30	30996.4	21.16
960	6/14/2023 3:40	31012.3	21.04
961	6/14/2023 3:50	31089.8	20.68
962	6/14/2023 4:00	31064.7	20.46
963	6/14/2023 4:10	31085.2	20.4
964	6/14/2023 4:20	31098.9	20.11
965	6/14/2023 4:30	31064.7	19.83
966	6/14/2023 4:40	31064.7	19.89
967	6/14/2023 4:50	31055.6	19.86
968	6/14/2023 5:00	31030.5	19.6
969	6/14/2023 5:10	31014.6	19.57
970	6/14/2023 5:20	31039.6	19.52
971	6/14/2023 5:30	31053.3	19.58
972	6/14/2023 5:40	31053.3	19.59
973	6/14/2023 5:50	31046.5	19.49
974	6/14/2023 6:00	31035.1	19.44
975	6/14/2023 6:10	31010.1	19.39
976	6/14/2023 6:20	31023.7	19.34
977	6/14/2023 6:30	31016.9	19.38
978	6/14/2023 6:40	31016.9	19.35
979	6/14/2023 6:50	31014.6	19.33
980	6/14/2023 7:00	31032.8	19.34
981	6/14/2023 7:10	31053.3	19.4
982	6/14/2023 7:20	30987.3	19.45
983	6/14/2023 7:30	30962.4	19.53
984	6/14/2023 7:40	31007.8	19.49
985	6/14/2023 7:50	31035.1	19.55
986	6/14/2023 8:00	30939.7	20.07
987	6/14/2023 8:10	30951	20.07
988	6/14/2023 8:20	31007.8	19.92
989	6/14/2023 8:30	31082.9	19.77
990	6/14/2023 8:40	31014.6	19.93
991	6/14/2023 8:50	31067	19.91
992	6/14/2023 9:00	31096.6	19.92
993	6/14/2023 9:10	31062.4	20.06
994	6/14/2023 9:20	31041.9	20.22
995	6/14/2023 9:30	31044.2	20.5
996	6/14/2023 9:40	31048.7	20.55
997	6/14/2023 9:50	31053.3	20.53
998	6/14/2023 10:00	31053.3	20.88
999	6/14/2023 10:10	31026	21.08
1000	6/14/2023 10:20	31048.7	21.25
1001	6/14/2023 10:30	31048.7	21.37
1002	6/14/2023 10:40	31053.3	21.54
1003	6/14/2023 10:50	31126.3	21.75
1004	6/14/2023 11:00	31041.9	21.86
1005	6/14/2023 11:10	30964.6	21.99
1006	6/14/2023 11:20	30912.5	22.13
1007	6/14/2023 11:30	30923.9	22.2
1008	6/14/2023 11:40	30962.4	22.36
1009	6/14/2023 11:50	30978.3	22.44
1010	6/14/2023 12:00	31005.5	22.6
1011	6/14/2023 12:10	30948.8	22.82
1012	6/14/2023 12:20	31094.3	22.92
1013	6/14/2023 12:30	31151.5	23.08
1014	6/14/2023 12:40	31238.7	23.33
1015	6/14/2023 12:50	31275.5	23.49
1016	6/14/2023 13:00	31245.6	23.51
1017	6/14/2023 13:10	31234.1	23.58
1018	6/14/2023 13:20	31293.9	23.66
1019	6/14/2023 13:30	31250.2	23.66
1020	6/14/2023 13:40	31307.7	23.88
1021	6/14/2023 13:50	31330.8	23.88
1022	6/14/2023 14:00	31300.8	23.9
1023	6/14/2023 14:10	31206.5	23.63
1024	6/14/2023 14:20	31172.1	23.3
1025	6/14/2023 14:30	31197.3	23.28
1026	6/14/2023 14:40	31273.2	23.2
1027	6/14/2023 14:50	31330.8	23.25
1028	6/14/2023 15:00	31384	23.28
1029	6/14/2023 15:10	31474.5	22.82
1030	6/14/2023 15:20	31449	22.36
1031	6/14/2023 15:30	31423.4	22.42
1032	6/14/2023 15:40	31416.5	21.52
1033	6/14/2023 15:50	31421.1	21.65
1034	6/14/2023 16:00	31409.5	21.64
1035	6/14/2023 16:10	31386.3	21.36
1036	6/14/2023 16:20	31397.9	21.49
1037	6/14/2023 16:30	31365.5	21.17
1038	6/14/2023 16:40	31374.8	21.18
1039	6/14/2023 16:50	31386.3	21.42
1040	6/14/2023 17:00	31400.2	21.21
1041	6/14/2023 17:10	31388.6	21.18
1042	6/14/2023 17:20	31372.4	20.98
1043	6/14/2023 17:30	31379.4	20.99
1044	6/14/2023 17:40	31353.9	21.13
1045	6/14/2023 17:50	31310.1	20.68
1046	6/14/2023 18:00	31305.4	20.65
1047	6/14/2023 18:10	31328.5	20.77
1048	6/14/2023 18:20	31340.1	20.88
1049	6/14/2023 18:30	31282.4	20.65
1050	6/14/2023 18:40	31273.2	20.58
1051	6/14/2023 18:50	31268.6	20.5
1052	6/14/2023 19:00	31259.4	20.56
1053	6/14/2023 19:10	31303.1	20.6
1054	6/14/2023 19:20	31300.8	20.65
1055	6/14/2023 19:30	31307.7	21.65
1056	6/14/2023 19:40	31197.3	20.75
1057	6/14/2023 19:50	31201.9	20.65
1058	6/14/2023 20:00	31206.5	20.71
1059	6/14/2023 20:10	31201.9	20.71
1060	6/14/2023 20:20	31218	20.7
1061	6/14/2023 20:30	31236.4	20.64
1062	6/14/2023 20:40	31197.3	20.68
1063	6/14/2023 20:50	31192.7	20.66
1064	6/14/2023 21:00	31188.1	20.7
1065	6/14/2023 21:10	31218	21.01
1066	6/14/2023 21:20	31192.7	21.14
1067	6/14/2023 21:30	31153.8	21.47
1068	6/14/2023 21:40	31126.3	21.5
1069	6/14/2023 21:50	31126.3	21.6
1070	6/14/2023 22:00	31046.5	21.64
1071	6/14/2023 22:10	30987.3	21.7
1072	6/14/2023 22:20	31037.3	21.8
1073	6/14/2023 22:30	31064.7	21.73
1074	6/14/2023 22:40	31046.5	21.76
1075	6/14/2023 22:50	31101.2	21.74
1076	6/14/2023 23:00	31035.1	22.05
1077	6/14/2023 23:10	31026	22.02
1078	6/14/2023 23:20	31012.3	22
1079	6/14/2023 23:30	30994.1	22
1080	6/14/2023 23:40	30989.6	22.04
1081	6/14/2023 23:50	30982.8	22.12
1082	6/15/2023 0:00	30980.5	21.99
1083	6/15/2023 0:10	30971.4	21.78
1084	6/15/2023 0:20	30944.2	21.71
1085	6/15/2023 0:30	30905.8	21.67
1086	6/15/2023 0:40	30903.5	21.64
1087	6/15/2023 0:50	30876.4	21.6
1088	6/15/2023 1:00	30887.7	21.5
1089	6/15/2023 1:10	30887.7	21.41
1090	6/15/2023 1:20	30849.3	21.36
1091	6/15/2023 1:30	30835.8	21.43
1092	6/15/2023 1:40	30833.5	21.46
1093	6/15/2023 1:50	30813.2	21.54
1094	6/15/2023 2:00	30808.7	21.54
1095	6/15/2023 2:10	30793	21.47
1096	6/15/2023 2:20	30786.3	21.43
1097	6/15/2023 2:30	30734.6	21.41
1098	6/15/2023 2:40	30770.5	21.41
1099	6/15/2023 2:50	30770.5	21.49
1100	6/15/2023 3:00	30763.8	21.52
1101	6/15/2023 3:10	30754.8	21.5
1102	6/15/2023 3:20	30748.1	21.45
1103	6/15/2023 3:30	30750.3	21.41
1104	6/15/2023 3:40	30772.8	21.4
1105	6/15/2023 3:50	30793	21.43
1106	6/15/2023 4:00	30876.4	21.54
1107	6/15/2023 4:10	30880.9	21.49
1108	6/15/2023 4:20	30885.4	21.19
1109	6/15/2023 4:30	30883.2	21.12
1110	6/15/2023 4:40	30912.5	20.89
1111	6/15/2023 4:50	30939.7	20.65
1112	6/15/2023 5:00	30908	20.55
1113	6/15/2023 5:10	30928.4	20.34
1114	6/15/2023 5:20	30910.3	20.25
1115	6/15/2023 5:30	30948.8	20.2
1116	6/15/2023 5:40	30930.6	20.02
1117	6/15/2023 5:50	30910.3	19.98
1118	6/15/2023 6:00	30928.4	20.03
1119	6/15/2023 6:10	30930.6	20.01
1120	6/15/2023 6:20	30964.6	19.92
1121	6/15/2023 6:30	30973.7	19.79
1122	6/15/2023 6:40	30966.9	19.68
1123	6/15/2023 6:50	30955.6	19.7
1124	6/15/2023 7:00	30944.2	19.68
1125	6/15/2023 7:10	30973.7	19.68
1126	6/15/2023 7:20	30951	19.67
1127	6/15/2023 7:30	30951	19.65
1128	6/15/2023 7:40	30973.7	19.65
1129	6/15/2023 7:50	30917.1	19.67
1130	6/15/2023 8:00	30964.6	19.68
1131	6/15/2023 8:10	30971.4	19.72
1132	6/15/2023 8:20	31001	19.79
1133	6/15/2023 8:30	30957.8	19.87
1134	6/15/2023 8:40	30896.7	20.18
1135	6/15/2023 8:50	30903.5	20.46
1136	6/15/2023 9:00	30815.5	20.61
1137	6/15/2023 9:10	30772.8	20.73
1138	6/15/2023 9:20	30732.4	20.75
1139	6/15/2023 9:30	30840.3	20.77
1140	6/15/2023 9:40	30867.3	20.89
1141	6/15/2023 9:50	30903.5	20.79
1142	6/15/2023 10:00	30944.2	20.73
1143	6/15/2023 10:10	30957.8	20.78
1144	6/15/2023 10:20	30953.3	20.84
1145	6/15/2023 10:30	31028.2	20.93
1146	6/15/2023 10:40	30985.1	20.95
1147	6/15/2023 10:50	30987.3	21.14
1148	6/15/2023 11:00	30946.5	21.33
1149	6/15/2023 11:10	30955.6	21.5
1150	6/15/2023 11:20	30937.4	21.7
1151	6/15/2023 11:30	30944.2	21.95
1152	6/15/2023 11:40	30962.4	21.93
1153	6/15/2023 11:50	30976	21.95
1154	6/15/2023 12:00	30964.6	21.97
1155	6/15/2023 12:10	30876.4	22.05
