#	"Date Time, GMT-04:00"	"DO_conc"	"Temp"
1	6/7/2023 11:50	10	17.66
2	6/7/2023 12:00	10.33	17.04
3	6/7/2023 12:10	10.49	16.9
4	6/7/2023 12:20	10.43	16.92
5	6/7/2023 12:30	10.44	16.94
6	6/7/2023 12:40	10.45	17.08
7	6/7/2023 12:50	10.4	17.26
8	6/7/2023 13:00	10.32	17.36
9	6/7/2023 13:10	10.36	17.7
10	6/7/2023 13:20	10.47	17.74
11	6/7/2023 13:30	10.48	17.84
12	6/7/2023 13:40	10.36	17.7
13	6/7/2023 13:50	10.38	17.62
14	6/7/2023 14:00	10.42	17.56
15	6/7/2023 14:10	10.45	17.62
16	6/7/2023 14:20	10.43	17.64
17	6/7/2023 14:30	10.41	17.64
18	6/7/2023 14:40	10.37	17.72
19	6/7/2023 14:50	10.5	17.66
20	6/7/2023 15:00	10.58	17.76
21	6/7/2023 15:10	10.64	17.76
22	6/7/2023 15:20	10.71	17.78
23	6/7/2023 15:30	10.77	17.84
24	6/7/2023 15:40	10.85	17.88
25	6/7/2023 15:50	10.7	18.2
26	6/7/2023 16:00	10.69	18.18
27	6/7/2023 16:10	10.71	18.18
28	6/7/2023 16:20	10.74	18.2
29	6/7/2023 16:30	10.8	18.38
30	6/7/2023 16:40	10.67	18.36
31	6/7/2023 16:50	10.67	18.44
32	6/7/2023 17:00	10.66	18.5
33	6/7/2023 17:10	10.57	18.5
34	6/7/2023 17:20	10.51	18.48
35	6/7/2023 17:30	10.49	18.48
36	6/7/2023 17:40	10.56	18.28
37	6/7/2023 17:50	10.56	18.14
38	6/7/2023 18:00	10.51	18.3
39	6/7/2023 18:10	10.43	18.4
40	6/7/2023 18:20	10.38	18.44
41	6/7/2023 18:30	10.5	18.36
42	6/7/2023 18:40	10.53	18.32
43	6/7/2023 18:50	10.5	18.42
44	6/7/2023 19:00	10.45	18.44
45	6/7/2023 19:10	10.43	18.52
46	6/7/2023 19:20	10.35	18.5
47	6/7/2023 19:30	10.29	18.52
48	6/7/2023 19:40	10.21	18.34
49	6/7/2023 19:50	10.21	18.34
50	6/7/2023 20:00	10.1	18.36
51	6/7/2023 20:10	9.93	18.28
52	6/7/2023 20:20	9.71	18.18
53	6/7/2023 20:30	9.92	18.02
54	6/7/2023 20:40	9.91	17.98
55	6/7/2023 20:50	9.95	17.86
56	6/7/2023 21:00	9.95	17.76
57	6/7/2023 21:10	9.91	17.72
58	6/7/2023 21:20	9.86	17.58
59	6/7/2023 21:30	9.84	17.34
60	6/7/2023 21:40	9.85	17.08
61	6/7/2023 21:50	9.85	17
62	6/7/2023 22:00	9.89	16.9
63	6/7/2023 22:10	9.89	16.84
64	6/7/2023 22:20	9.89	16.9
65	6/7/2023 22:30	9.92	16.78
66	6/7/2023 22:40	9.86	16.78
67	6/7/2023 22:50	9.84	16.72
68	6/7/2023 23:00	9.84	16.6
69	6/7/2023 23:10	9.82	16.56
70	6/7/2023 23:20	9.75	16.6
71	6/7/2023 23:30	9.8	16.52
72	6/7/2023 23:40	9.8	16.46
73	6/7/2023 23:50	9.73	16.48
74	6/8/2023 0:00	9.7	16.46
75	6/8/2023 0:10	9.71	16.44
76	6/8/2023 0:20	9.63	16.46
77	6/8/2023 0:30	9.59	16.44
78	6/8/2023 0:40	9.61	16.34
79	6/8/2023 0:50	9.59	16.42
80	6/8/2023 1:00	9.51	16.34
81	6/8/2023 1:10	9.45	16.34
82	6/8/2023 1:20	9.34	16.36
83	6/8/2023 1:30	9.29	16.36
84	6/8/2023 1:40	9.08	16.46
85	6/8/2023 1:50	8.9	16.46
86	6/8/2023 2:00	8.82	16.48
87	6/8/2023 2:10	8.66	16.44
88	6/8/2023 2:20	8.61	16.42
89	6/8/2023 2:30	8.8	16.44
90	6/8/2023 2:40	8.81	16.46
91	6/8/2023 2:50	8.81	16.52
92	6/8/2023 3:00	8.26	16.56
93	6/8/2023 3:10	8.43	16.6
94	6/8/2023 3:20	8.58	16.64
95	6/8/2023 3:30	8.14	16.68
96	6/8/2023 3:40	8.89	16.7
97	6/8/2023 3:50	8.12	16.72
98	6/8/2023 4:00	8.4	16.7
99	6/8/2023 4:10	8.79	16.7
100	6/8/2023 4:20	8.54	16.78
101	6/8/2023 4:30	8.65	16.8
102	6/8/2023 4:40	8.65	16.84
103	6/8/2023 4:50	8.65	16.8
104	6/8/2023 5:00	8.27	16.84
105	6/8/2023 5:10	8.24	16.8
106	6/8/2023 5:20	8.66	16.76
107	6/8/2023 5:30	8.36	16.8
108	6/8/2023 5:40	8.02	16.82
109	6/8/2023 5:50	7.12	16.76
110	6/8/2023 6:00	6.72	16.66
111	6/8/2023 6:10	6.52	16.62
112	6/8/2023 6:20	7.12	16.58
113	6/8/2023 6:30	7.47	16.6
114	6/8/2023 6:40	7.96	16.58
115	6/8/2023 6:50	8.16	16.62
116	6/8/2023 7:00	8.5	16.7
117	6/8/2023 7:10	8.49	16.8
118	6/8/2023 7:20	8.45	16.82
119	6/8/2023 7:30	8.25	16.82
120	6/8/2023 7:40	8.34	16.86
121	6/8/2023 7:50	8.35	16.86
122	6/8/2023 8:00	8.46	17.04
123	6/8/2023 8:10	8.44	17.12
124	6/8/2023 8:20	8.48	17.16
125	6/8/2023 8:30	8.25	17.12
126	6/8/2023 8:40	8.21	17.14
127	6/8/2023 8:50	8.22	17.16
128	6/8/2023 9:00	8.31	17.16
129	6/8/2023 9:10	8.45	17.2
130	6/8/2023 9:20	8.49	17.24
131	6/8/2023 9:30	8.67	17.28
132	6/8/2023 9:40	8.89	17.3
133	6/8/2023 9:50	9.01	17.3
134	6/8/2023 10:00	9.2	17.28
135	6/8/2023 10:10	9.64	17.08
136	6/8/2023 10:20	9.59	17.08
137	6/8/2023 10:30	9.86	17.02
138	6/8/2023 10:40	9.9	16.96
139	6/8/2023 10:50	9.94	16.98
140	6/8/2023 11:00	10.07	16.94
141	6/8/2023 11:10	10.12	16.94
142	6/8/2023 11:20	10.15	17
143	6/8/2023 11:30	10.2	17.04
144	6/8/2023 11:40	10.17	17.08
145	6/8/2023 11:50	10.23	17.12
146	6/8/2023 12:00	10.23	17.24
147	6/8/2023 12:10	10.23	17.24
148	6/8/2023 12:20	10.3	17.14
149	6/8/2023 12:30	10.4	17.22
150	6/8/2023 12:40	10.33	17.32
151	6/8/2023 12:50	10.28	17.46
152	6/8/2023 13:00	10.4	17.46
153	6/8/2023 13:10	10.38	17.48
154	6/8/2023 13:20	10.37	17.64
155	6/8/2023 13:30	10.46	17.74
156	6/8/2023 13:40	10.55	17.86
157	6/8/2023 13:50	10.6	18.06
158	6/8/2023 14:00	10.64	18.24
159	6/8/2023 14:10	10.37	18.58
160	6/8/2023 14:20	10.36	18.76
161	6/8/2023 14:30	10.25	18.8
162	6/8/2023 14:40	10.4	18.72
163	6/8/2023 14:50	10.52	18.8
164	6/8/2023 15:00	10.68	18.9
165	6/8/2023 15:10	10.57	19.04
166	6/8/2023 15:20	10.45	19.26
167	6/8/2023 15:30	10.56	19.34
168	6/8/2023 15:40	10.48	19.52
169	6/8/2023 15:50	10.56	19.26
170	6/8/2023 16:00	10.58	19.4
171	6/8/2023 16:10	10.49	19.94
172	6/8/2023 16:20	10.45	19.92
173	6/8/2023 16:30	10.58	20.1
174	6/8/2023 16:40	10.63	20.36
175	6/8/2023 16:50	10.6	20.58
176	6/8/2023 17:00	10.76	20.66
177	6/8/2023 17:10	10.71	20.72
178	6/8/2023 17:20	10.67	20.54
179	6/8/2023 17:30	10.89	20.14
180	6/8/2023 17:40	11.09	20.24
181	6/8/2023 17:50	10.9	20.54
182	6/8/2023 18:00	10.83	19.82
183	6/8/2023 18:10	10.93	19.78
184	6/8/2023 18:20	10.82	19.64
185	6/8/2023 18:30	10.81	19.68
186	6/8/2023 18:40	10.69	19.7
187	6/8/2023 18:50	10.72	19.7
188	6/8/2023 19:00	10.68	19.72
189	6/8/2023 19:10	10.67	19.76
190	6/8/2023 19:20	10.57	19.86
191	6/8/2023 19:30	10.52	19.94
192	6/8/2023 19:40	10.51	20
193	6/8/2023 19:50	10.53	19.94
194	6/8/2023 20:00	10.51	19.82
195	6/8/2023 20:10	10.47	19.76
196	6/8/2023 20:20	10.42	19.74
197	6/8/2023 20:30	10.27	19.58
198	6/8/2023 20:40	10.25	19.54
199	6/8/2023 20:50	10.29	19.48
200	6/8/2023 21:00	10.34	19.48
201	6/8/2023 21:10	10.26	19.56
202	6/8/2023 21:20	9.63	19.54
203	6/8/2023 21:30	9.96	19.26
204	6/8/2023 21:40	10.1	19.06
205	6/8/2023 21:50	10.09	18.94
206	6/8/2023 22:00	10.06	18.86
207	6/8/2023 22:10	10.06	18.82
208	6/8/2023 22:20	10	18.72
209	6/8/2023 22:30	10	18.66
210	6/8/2023 22:40	9.91	18.56
211	6/8/2023 22:50	9.83	18.34
212	6/8/2023 23:00	9.84	18.14
213	6/8/2023 23:10	9.82	17.96
214	6/8/2023 23:20	9.84	17.7
215	6/8/2023 23:30	9.82	17.66
216	6/8/2023 23:40	9.8	17.68
217	6/8/2023 23:50	9.77	17.7
218	6/9/2023 0:00	9.77	17.64
219	6/9/2023 0:10	9.76	17.56
220	6/9/2023 0:20	9.75	17.54
221	6/9/2023 0:30	9.7	17.5
222	6/9/2023 0:40	9.68	17.44
223	6/9/2023 0:50	9.69	17.36
224	6/9/2023 1:00	9.57	17.32
225	6/9/2023 1:10	9.64	17.34
226	6/9/2023 1:20	9.63	17.32
227	6/9/2023 1:30	9.64	17.32
228	6/9/2023 1:40	9.53	17.3
229	6/9/2023 1:50	9.49	17.3
230	6/9/2023 2:00	9.5	17.26
231	6/9/2023 2:10	9.33	17.28
232	6/9/2023 2:20	9.33	17.28
233	6/9/2023 2:30	8.92	17.3
234	6/9/2023 2:40	9.08	17.4
235	6/9/2023 2:50	8.74	17.32
236	6/9/2023 3:00	8.92	17.24
237	6/9/2023 3:10	8.9	17.2
238	6/9/2023 3:20	8.69	17.22
239	6/9/2023 3:30	8.56	17.2
240	6/9/2023 3:40	8.18	17.16
241	6/9/2023 3:50	8.96	17.22
242	6/9/2023 4:00	9.1	17.32
243	6/9/2023 4:10	8.61	17.38
244	6/9/2023 4:20	8.35	17.34
245	6/9/2023 4:30	8.34	17.36
246	6/9/2023 4:40	8.55	17.3
247	6/9/2023 4:50	8.58	17.32
248	6/9/2023 5:00	8.33	17.32
249	6/9/2023 5:10	8.32	17.3
250	6/9/2023 5:20	8.45	17.3
251	6/9/2023 5:30	8.59	17.3
252	6/9/2023 5:40	8.53	17.34
253	6/9/2023 5:50	8.38	17.36
254	6/9/2023 6:00	8.16	17.38
255	6/9/2023 6:10	7.59	17.38
256	6/9/2023 6:20	7.29	17.34
257	6/9/2023 6:30	7.68	17.34
258	6/9/2023 6:40	7.66	17.32
259	6/9/2023 6:50	7.74	17.3
260	6/9/2023 7:00	8.06	17.32
261	6/9/2023 7:10	8.38	17.36
262	6/9/2023 7:20	8.56	17.42
263	6/9/2023 7:30	8.53	17.5
264	6/9/2023 7:40	8.28	17.54
265	6/9/2023 7:50	8.27	17.6
266	6/9/2023 8:00	8.44	17.66
267	6/9/2023 8:10	8.55	17.72
268	6/9/2023 8:20	8.27	17.74
269	6/9/2023 8:30	8.47	17.8
270	6/9/2023 8:40	8.48	17.96
271	6/9/2023 8:50	8.66	18.08
272	6/9/2023 9:00	8.64	18.12
273	6/9/2023 9:10	8.66	18.16
274	6/9/2023 9:20	8.68	18.18
275	6/9/2023 9:30	8.7	18.2
276	6/9/2023 9:40	8.75	18.2
277	6/9/2023 9:50	8.74	18.22
278	6/9/2023 10:00	8.74	18.22
279	6/9/2023 10:10	9.09	18.26
280	6/9/2023 10:20	9.19	18.26
281	6/9/2023 10:30	9.27	18.24
282	6/9/2023 10:40	9.27	18.22
283	6/9/2023 10:50	9.28	18.12
284	6/9/2023 11:00	9.5	17.82
285	6/9/2023 11:10	9.51	17.68
286	6/9/2023 11:20	9.71	17.48
287	6/9/2023 11:30	9.76	17.34
288	6/9/2023 11:40	9.76	17.4
289	6/9/2023 11:50	9.86	17.2
290	6/9/2023 12:00	9.83	17.28
291	6/9/2023 12:10	9.87	17.26
292	6/9/2023 12:20	9.94	17.14
293	6/9/2023 12:30	9.95	17.12
294	6/9/2023 12:40	9.93	17.22
295	6/9/2023 12:50	9.93	17.28
296	6/9/2023 13:00	9.95	17.16
297	6/9/2023 13:10	10.02	17.2
298	6/9/2023 13:20	10.05	17.32
299	6/9/2023 13:30	10.11	17.42
300	6/9/2023 13:40	10.08	17.44
301	6/9/2023 13:50	10.16	17.48
302	6/9/2023 14:00	10.16	17.58
303	6/9/2023 14:10	10.21	17.64
304	6/9/2023 14:20	10.28	17.68
305	6/9/2023 14:30	10.29	17.74
306	6/9/2023 14:40	10.28	17.78
307	6/9/2023 14:50	10.57	17.84
308	6/9/2023 15:00	10.7	18.02
309	6/9/2023 15:10	10.85	18.12
310	6/9/2023 15:20	10.93	18.3
311	6/9/2023 15:30	10.98	18.28
312	6/9/2023 15:40	11.16	18.48
313	6/9/2023 15:50	10.76	18.98
314	6/9/2023 16:00	10.35	19.26
315	6/9/2023 16:10	10.25	19.56
316	6/9/2023 16:20	10.2	19.94
317	6/9/2023 16:30	10.1	20.02
318	6/9/2023 16:40	10.1	20.14
319	6/9/2023 16:50	10.06	20.16
320	6/9/2023 17:00	10.11	20.02
321	6/9/2023 17:10	10.14	20
322	6/9/2023 17:20	10.16	20.02
323	6/9/2023 17:30	10.32	19.88
324	6/9/2023 17:40	10.41	19.68
325	6/9/2023 17:50	10.24	20
326	6/9/2023 18:00	10.26	20.16
327	6/9/2023 18:10	10.28	20.32
328	6/9/2023 18:20	10.33	20.4
329	6/9/2023 18:30	10.27	20.5
330	6/9/2023 18:40	10.22	20.48
331	6/9/2023 18:50	10.49	19.98
332	6/9/2023 19:00	10.47	19.78
333	6/9/2023 19:10	10.49	19.74
334	6/9/2023 19:20	10.5	19.64
335	6/9/2023 19:30	10.47	19.66
336	6/9/2023 19:40	10.42	19.92
337	6/9/2023 19:50	10.42	19.98
338	6/9/2023 20:00	10.37	19.94
339	6/9/2023 20:10	10.29	19.96
340	6/9/2023 20:20	10.18	20.04
341	6/9/2023 20:30	10.06	20.08
342	6/9/2023 20:40	9.94	20.06
343	6/9/2023 20:50	9.84	20.02
344	6/9/2023 21:00	9.71	19.98
345	6/9/2023 21:10	9.89	19.88
346	6/9/2023 21:20	9.97	19.68
347	6/9/2023 21:30	9.75	19.62
348	6/9/2023 21:40	9.73	19.62
349	6/9/2023 21:50	9.66	19.56
350	6/9/2023 22:00	9.59	19.5
351	6/9/2023 22:10	9.63	19.46
352	6/9/2023 22:20	9.03	19.48
353	6/9/2023 22:30	9.05	19.42
354	6/9/2023 22:40	9.31	19.28
355	6/9/2023 22:50	9.17	19.16
356	6/9/2023 23:00	9.31	19.1
357	6/9/2023 23:10	9.45	19.06
358	6/9/2023 23:20	9.48	18.94
359	6/9/2023 23:30	9.65	18.8
360	6/9/2023 23:40	9.67	18.7
361	6/9/2023 23:50	9.69	18.6
362	6/10/2023 0:00	9.69	18.5
363	6/10/2023 0:10	9.66	18.44
364	6/10/2023 0:20	9.72	18.3
365	6/10/2023 0:30	9.74	18.24
366	6/10/2023 0:40	9.76	18.18
367	6/10/2023 0:50	9.75	18.12
368	6/10/2023 1:00	9.69	18.16
369	6/10/2023 1:10	9.69	18.12
370	6/10/2023 1:20	9.79	18.06
371	6/10/2023 1:30	9.7	18.06
372	6/10/2023 1:40	9.61	18.1
373	6/10/2023 1:50	9.64	18.04
374	6/10/2023 2:00	9.6	17.98
375	6/10/2023 2:10	9.55	17.96
376	6/10/2023 2:20	9.46	17.96
377	6/10/2023 2:30	9.45	17.96
378	6/10/2023 2:40	9.48	17.94
379	6/10/2023 2:50	9.44	17.88
380	6/10/2023 3:00	9.44	17.82
381	6/10/2023 3:10	9.36	17.82
382	6/10/2023 3:20	9.32	17.82
383	6/10/2023 3:30	9.25	17.84
384	6/10/2023 3:40	9.04	17.86
385	6/10/2023 3:50	8.78	17.84
386	6/10/2023 4:00	8.63	17.86
387	6/10/2023 4:10	8.9	17.8
388	6/10/2023 4:20	8.89	17.78
389	6/10/2023 4:30	8.58	17.78
390	6/10/2023 4:40	8.44	17.76
391	6/10/2023 4:50	8.73	17.8
392	6/10/2023 5:00	8.68	17.84
393	6/10/2023 5:10	8.82	17.94
394	6/10/2023 5:20	9.1	17.9
395	6/10/2023 5:30	8.06	17.78
396	6/10/2023 5:40	7.96	17.64
397	6/10/2023 5:50	7.92	17.6
398	6/10/2023 6:00	8.05	17.6
399	6/10/2023 6:10	7.74	17.58
400	6/10/2023 6:20	7.56	17.66
401	6/10/2023 6:30	7.71	17.72
402	6/10/2023 6:40	7.67	17.68
403	6/10/2023 6:50	7.54	17.66
404	6/10/2023 7:00	7.13	17.66
405	6/10/2023 7:10	7.2	17.72
406	6/10/2023 7:20	7.64	17.76
407	6/10/2023 7:30	7.82	17.78
408	6/10/2023 7:40	8.04	17.82
409	6/10/2023 7:50	8.25	17.84
410	6/10/2023 8:00	8.3	17.9
411	6/10/2023 8:10	8.09	17.96
412	6/10/2023 8:20	8.08	18.02
413	6/10/2023 8:30	8.15	18.08
414	6/10/2023 8:40	8.32	18.2
415	6/10/2023 8:50	8.28	18.14
416	6/10/2023 9:00	8.1	18.18
417	6/10/2023 9:10	8.35	18.44
418	6/10/2023 9:20	8.55	18.6
419	6/10/2023 9:30	8.42	18.64
420	6/10/2023 9:40	8.29	18.68
421	6/10/2023 9:50	8.33	18.7
422	6/10/2023 10:00	8.39	18.76
423	6/10/2023 10:10	8.33	18.82
424	6/10/2023 10:20	8.6	18.88
425	6/10/2023 10:30	8.84	18.94
426	6/10/2023 10:40	8.92	19.06
427	6/10/2023 10:50	9.12	19.06
428	6/10/2023 11:00	9.26	19.16
429	6/10/2023 11:10	9.22	19.08
430	6/10/2023 11:20	9.31	19.08
431	6/10/2023 11:30	9.37	19.08
432	6/10/2023 11:40	9.56	19
433	6/10/2023 11:50	9.89	18.76
434	6/10/2023 12:00	9.97	18.68
435	6/10/2023 12:10	10.12	18.42
436	6/10/2023 12:20	10.17	18.38
437	6/10/2023 12:30	10.27	18.26
438	6/10/2023 12:40	10.28	18.38
439	6/10/2023 12:50	10.24	18.5
440	6/10/2023 13:00	10.4	18.26
441	6/10/2023 13:10	10.34	18.26
442	6/10/2023 13:20	10.31	18.34
443	6/10/2023 13:30	10.32	18.16
444	6/10/2023 13:40	10.4	18.12
445	6/10/2023 13:50	10.36	18.2
446	6/10/2023 14:00	10.43	18.3
447	6/10/2023 14:10	10.35	18.4
448	6/10/2023 14:20	10.33	18.3
449	6/10/2023 14:30	10.32	18.38
450	6/10/2023 14:40	10.25	18.46
451	6/10/2023 14:50	10.28	18.44
452	6/10/2023 15:00	10.33	18.46
453	6/10/2023 15:10	10.35	18.48
454	6/10/2023 15:20	10.36	18.48
455	6/10/2023 15:30	10.37	18.5
456	6/10/2023 15:40	10.45	18.66
457	6/10/2023 15:50	10.24	18.94
458	6/10/2023 16:00	10.11	18.9
459	6/10/2023 16:10	10.12	18.84
460	6/10/2023 16:20	10.17	18.78
461	6/10/2023 16:30	10.21	18.76
462	6/10/2023 16:40	10.21	18.82
463	6/10/2023 16:50	10.33	18.84
464	6/10/2023 17:00	10.38	18.9
465	6/10/2023 17:10	10.34	18.94
466	6/10/2023 17:20	10.37	19.08
467	6/10/2023 17:30	10.32	19.16
468	6/10/2023 17:40	10.31	19.26
469	6/10/2023 17:50	10.29	19.44
470	6/10/2023 18:00	10.51	19.74
471	6/10/2023 18:10	10.25	19.78
472	6/10/2023 18:20	10.32	19.7
473	6/10/2023 18:30	10.12	19.92
474	6/10/2023 18:40	10.2	19.84
475	6/10/2023 18:50	10.27	19.74
476	6/10/2023 19:00	10.12	19.84
477	6/10/2023 19:10	9.97	19.82
478	6/10/2023 19:20	10.15	19.84
479	6/10/2023 19:30	10.11	19.86
480	6/10/2023 19:40	9.96	19.88
481	6/10/2023 19:50	9.85	19.86
482	6/10/2023 20:00	9.91	19.78
483	6/10/2023 20:10	9.83	19.76
484	6/10/2023 20:20	10.01	19.68
485	6/10/2023 20:30	9.99	19.64
486	6/10/2023 20:40	9.95	19.6
487	6/10/2023 20:50	9.89	19.58
488	6/10/2023 21:00	9.76	19.56
489	6/10/2023 21:10	9.7	19.54
490	6/10/2023 21:20	9.47	19.52
491	6/10/2023 21:30	9.68	19.52
492	6/10/2023 21:40	9.62	19.56
493	6/10/2023 21:50	9.57	19.54
494	6/10/2023 22:00	9.63	19.5
495	6/10/2023 22:10	9.53	19.48
496	6/10/2023 22:20	9.42	19.48
497	6/10/2023 22:30	9.63	19.5
498	6/10/2023 22:40	9.57	19.52
499	6/10/2023 22:50	9.4	19.54
500	6/10/2023 23:00	9.17	19.54
501	6/10/2023 23:10	9.1	19.56
502	6/10/2023 23:20	8.44	19.54
503	6/10/2023 23:30	8.43	19.5
504	6/10/2023 23:40	8.46	19.46
505	6/10/2023 23:50	8.53	19.4
506	6/11/2023 0:00	8.53	19.38
507	6/11/2023 0:10	8.75	19.34
508	6/11/2023 0:20	8.94	19.26
509	6/11/2023 0:30	9.07	19.16
510	6/11/2023 0:40	9.07	19.12
511	6/11/2023 0:50	9.47	18.94
512	6/11/2023 1:00	9.37	18.94
513	6/11/2023 1:10	9.34	18.88
514	6/11/2023 1:20	9.43	18.7
515	6/11/2023 1:30	9.44	18.6
516	6/11/2023 1:40	9.53	18.44
517	6/11/2023 1:50	9.44	18.4
518	6/11/2023 2:00	9.46	18.4
519	6/11/2023 2:10	9.46	18.36
520	6/11/2023 2:20	9.4	18.32
521	6/11/2023 2:30	9.37	18.3
522	6/11/2023 2:40	9.44	18.24
523	6/11/2023 2:50	9.43	18.2
524	6/11/2023 3:00	9.37	18.18
525	6/11/2023 3:10	9.36	18.18
526	6/11/2023 3:20	9.33	18.14
527	6/11/2023 3:30	9.28	18.06
528	6/11/2023 3:40	9.28	17.94
529	6/11/2023 3:50	9.31	17.86
530	6/11/2023 4:00	9.33	17.82
531	6/11/2023 4:10	9.25	17.8
532	6/11/2023 4:20	9.16	17.82
533	6/11/2023 4:30	9.09	17.82
534	6/11/2023 4:40	9.07	17.88
535	6/11/2023 4:50	8.92	17.9
536	6/11/2023 5:00	8.82	17.86
537	6/11/2023 5:10	8.84	17.86
538	6/11/2023 5:20	8.9	17.92
539	6/11/2023 5:30	9.08	17.98
540	6/11/2023 5:40	8.87	18.06
541	6/11/2023 5:50	8.88	18.1
542	6/11/2023 6:00	8.68	18.02
543	6/11/2023 6:10	8.5	17.94
544	6/11/2023 6:20	8.34	18
545	6/11/2023 6:30	8.16	18.02
546	6/11/2023 6:40	7.99	18.04
547	6/11/2023 6:50	8.23	18.12
548	6/11/2023 7:00	8.18	18.16
549	6/11/2023 7:10	7.8	18.12
550	6/11/2023 7:20	7.58	18.1
551	6/11/2023 7:30	7.48	18.04
552	6/11/2023 7:40	7.48	18.12
553	6/11/2023 7:50	7.55	18.22
554	6/11/2023 8:00	7.64	18.32
555	6/11/2023 8:10	7.7	18.36
556	6/11/2023 8:20	8	18.42
557	6/11/2023 8:30	8.19	18.5
558	6/11/2023 8:40	8.21	18.62
559	6/11/2023 8:50	8.32	18.78
560	6/11/2023 9:00	8.36	18.9
561	6/11/2023 9:10	8.45	19.08
562	6/11/2023 9:20	8.46	19.22
563	6/11/2023 9:30	8.49	19.32
564	6/11/2023 9:40	8.34	19.36
565	6/11/2023 9:50	8.47	19.52
566	6/11/2023 10:00	8.52	19.74
567	6/11/2023 10:10	8.63	19.8
568	6/11/2023 10:20	8.67	19.88
569	6/11/2023 10:30	8.68	19.98
570	6/11/2023 10:40	8.73	20.12
571	6/11/2023 10:50	8.91	20.22
572	6/11/2023 11:00	9.09	20.3
573	6/11/2023 11:10	9.53	20.4
574	6/11/2023 11:20	9.84	20.42
575	6/11/2023 11:30	9.8	20.5
576	6/11/2023 11:40	9.9	20.6
577	6/11/2023 11:50	10.08	20.7
578	6/11/2023 12:00	10.08	20.7
579	6/11/2023 12:10	10.06	20.52
580	6/11/2023 12:20	10.26	20.5
581	6/11/2023 12:30	10.27	20.46
582	6/11/2023 12:40	10.16	20.44
583	6/11/2023 12:50	10.2	20.46
584	6/11/2023 13:00	10.25	20.3
585	6/11/2023 13:10	10.31	20.2
586	6/11/2023 13:20	10.35	20.14
587	6/11/2023 13:30	10.4	20.1
588	6/11/2023 13:40	10.42	19.88
589	6/11/2023 13:50	10.44	19.68
590	6/11/2023 14:00	10.4	19.62
591	6/11/2023 14:10	10.45	19.66
592	6/11/2023 14:20	10.37	19.54
593	6/11/2023 14:30	10.44	19.48
594	6/11/2023 14:40	10.43	19.52
595	6/11/2023 14:50	10.51	19.62
596	6/11/2023 15:00	10.48	19.64
597	6/11/2023 15:10	10.4	19.64
598	6/11/2023 15:20	10.47	19.54
599	6/11/2023 15:30	10.45	19.42
600	6/11/2023 15:40	10.5	19.52
601	6/11/2023 15:50	10.52	19.6
602	6/11/2023 16:00	10.51	19.7
603	6/11/2023 16:10	10.5	19.66
604	6/11/2023 16:20	10.53	19.66
605	6/11/2023 16:30	10.54	19.7
606	6/11/2023 16:40	10.44	19.74
607	6/11/2023 16:50	10.54	19.76
608	6/11/2023 17:00	10.56	19.8
609	6/11/2023 17:10	11.29	20.02
610	6/11/2023 17:20	11.05	20.2
611	6/11/2023 17:30	10.91	20.26
612	6/11/2023 17:40	10.88	20.18
613	6/11/2023 17:50	10.72	20.16
614	6/11/2023 18:00	10.69	20.14
615	6/11/2023 18:10	10.76	20.3
616	6/11/2023 18:20	10.7	20.34
617	6/11/2023 18:30	10.68	20.5
618	6/11/2023 18:40	10.76	20.86
619	6/11/2023 18:50	10.76	21.2
620	6/11/2023 19:00	10.73	21.28
621	6/11/2023 19:10	10.63	21.44
622	6/11/2023 19:20	10.51	21.68
623	6/11/2023 19:30	10.31	21.8
624	6/11/2023 19:40	10.36	21.86
625	6/11/2023 19:50	10.18	22.24
626	6/11/2023 20:00	10.08	22.28
627	6/11/2023 20:10	10.44	22.12
628	6/11/2023 20:20	10.23	22.08
629	6/11/2023 20:30	10.08	22
630	6/11/2023 20:40	10.02	22.04
631	6/11/2023 20:50	10.07	22.04
632	6/11/2023 21:00	10.25	22.02
633	6/11/2023 21:10	10.01	22.2
634	6/11/2023 21:20	9.72	22.24
635	6/11/2023 21:30	9.65	22.14
636	6/11/2023 21:40	9.59	21.96
637	6/11/2023 21:50	9.46	21.82
638	6/11/2023 22:00	9.79	21.44
639	6/11/2023 22:10	9.69	21.26
640	6/11/2023 22:20	9.64	21.24
641	6/11/2023 22:30	8.97	21.3
642	6/11/2023 22:40	9.41	21.26
643	6/11/2023 22:50	9.8	21.06
644	6/11/2023 23:00	9.4	21.08
645	6/11/2023 23:10	9.25	21.08
646	6/11/2023 23:20	9.45	21.04
647	6/11/2023 23:30	9.33	21.04
648	6/11/2023 23:40	9.47	21.1
649	6/11/2023 23:50	9.29	21.08
650	6/12/2023 0:00	9.1	21.08
651	6/12/2023 0:10	8.95	21.1
652	6/12/2023 0:20	8.92	21.08
653	6/12/2023 0:30	8.87	21.04
654	6/12/2023 0:40	8.78	20.98
655	6/12/2023 0:50	8.64	20.94
656	6/12/2023 1:00	8.28	20.94
657	6/12/2023 1:10	8.48	20.9
658	6/12/2023 1:20	8.66	20.78
659	6/12/2023 1:30	8.73	20.62
660	6/12/2023 1:40	8.96	20.5
661	6/12/2023 1:50	9.04	20.46
662	6/12/2023 2:00	9.27	20.34
663	6/12/2023 2:10	9.42	20.3
664	6/12/2023 2:20	9.42	20.24
665	6/12/2023 2:30	9.39	20.2
666	6/12/2023 2:40	9.32	20.2
667	6/12/2023 2:50	9.35	20.1
668	6/12/2023 3:00	9.47	20
669	6/12/2023 3:10	9.39	19.94
670	6/12/2023 3:20	9.3	19.92
671	6/12/2023 3:30	9.12	19.98
672	6/12/2023 3:40	9.41	19.9
673	6/12/2023 3:50	9.36	19.76
674	6/12/2023 4:00	9.31	19.74
675	6/12/2023 4:10	9.31	19.74
676	6/12/2023 4:20	9.13	19.76
677	6/12/2023 4:30	9.09	19.78
678	6/12/2023 4:40	9.07	19.78
679	6/12/2023 4:50	9.01	19.74
680	6/12/2023 5:00	8.97	19.7
681	6/12/2023 5:10	8.95	19.66
682	6/12/2023 5:20	8.78	19.66
683	6/12/2023 5:30	8.79	19.66
684	6/12/2023 5:40	8.75	19.62
685	6/12/2023 5:50	8.63	19.6
686	6/12/2023 6:00	8.69	19.56
687	6/12/2023 6:10	8.67	19.54
688	6/12/2023 6:20	8.62	19.56
689	6/12/2023 6:30	8.42	19.6
690	6/12/2023 6:40	8.38	19.62
691	6/12/2023 6:50	7.95	19.72
692	6/12/2023 7:00	7.66	19.84
693	6/12/2023 7:10	7.82	19.9
694	6/12/2023 7:20	8.05	19.84
695	6/12/2023 7:30	8.05	19.82
696	6/12/2023 7:40	8.03	19.84
697	6/12/2023 7:50	8.1	19.8
698	6/12/2023 8:00	8.03	19.82
699	6/12/2023 8:10	8.04	19.84
700	6/12/2023 8:20	7.82	19.88
701	6/12/2023 8:30	7.73	20
702	6/12/2023 8:40	7.66	20.1
703	6/12/2023 8:50	7.9	20.16
704	6/12/2023 9:00	7.93	20.2
705	6/12/2023 9:10	8.15	20.26
706	6/12/2023 9:20	8.32	20.32
707	6/12/2023 9:30	8.39	20.42
708	6/12/2023 9:40	8.49	20.5
709	6/12/2023 9:50	8.52	20.56
710	6/12/2023 10:00	8.52	20.64
711	6/12/2023 10:10	8.54	20.72
712	6/12/2023 10:20	8.55	20.78
713	6/12/2023 10:30	8.63	20.8
714	6/12/2023 10:40	8.74	20.86
715	6/12/2023 10:50	8.83	20.94
716	6/12/2023 11:00	8.65	20.96
717	6/12/2023 11:10	8.87	21
718	6/12/2023 11:20	8.78	21.04
719	6/12/2023 11:30	8.79	21.06
720	6/12/2023 11:40	8.83	21.08
721	6/12/2023 11:50	8.88	21.1
722	6/12/2023 12:00	9.03	21.14
723	6/12/2023 12:10	9.29	21.12
724	6/12/2023 12:20	9.41	21.14
725	6/12/2023 12:30	9.49	21.2
726	6/12/2023 12:40	9.55	21.26
727	6/12/2023 12:50	9.57	21.34
728	6/12/2023 13:00	9.82	21.38
729	6/12/2023 13:10	9.86	21.32
730	6/12/2023 13:20	9.87	21.28
731	6/12/2023 13:30	9.75	21.22
732	6/12/2023 13:40	9.81	21.2
733	6/12/2023 13:50	9.9	21.08
734	6/12/2023 14:00	9.95	21.02
735	6/12/2023 14:10	10.08	20.8
736	6/12/2023 14:20	10.21	20.66
737	6/12/2023 14:30	10.27	20.5
738	6/12/2023 14:40	10.33	20.36
739	6/12/2023 14:50	10.38	20.28
740	6/12/2023 15:00	10.38	20.22
741	6/12/2023 15:10	10.4	20.16
742	6/12/2023 15:20	10.36	20.1
743	6/12/2023 15:30	10.32	19.98
744	6/12/2023 15:40	10.38	19.94
745	6/12/2023 15:50	10.42	19.94
746	6/12/2023 16:00	10.41	19.96
747	6/12/2023 16:10	10.37	19.94
748	6/12/2023 16:20	10.35	19.9
749	6/12/2023 16:30	10.36	19.9
750	6/12/2023 16:40	10.38	19.88
751	6/12/2023 16:50	10.47	19.86
752	6/12/2023 17:00	10.43	19.78
753	6/12/2023 17:10	10.35	19.8
754	6/12/2023 17:20	10.35	19.8
755	6/12/2023 17:30	10.31	19.82
756	6/12/2023 17:40	10.32	19.84
757	6/12/2023 17:50	10.33	19.88
758	6/12/2023 18:00	10.33	19.9
759	6/12/2023 18:10	10.31	19.92
760	6/12/2023 18:20	10.2	19.92
761	6/12/2023 18:30	10.32	19.94
762	6/12/2023 18:40	10.17	19.94
763	6/12/2023 18:50	10.16	19.98
764	6/12/2023 19:00	10.28	20.04
765	6/12/2023 19:10	10.2	20.14
766	6/12/2023 19:20	10.25	20.24
767	6/12/2023 19:30	10.15	20.38
768	6/12/2023 19:40	10.17	20.52
769	6/12/2023 19:50	10.13	20.62
770	6/12/2023 20:00	10.18	20.7
771	6/12/2023 20:10	10.24	20.8
772	6/12/2023 20:20	10.05	20.84
773	6/12/2023 20:30	10	20.94
774	6/12/2023 20:40	10.14	21.08
775	6/12/2023 20:50	9.97	21.16
776	6/12/2023 21:00	9.92	21.24
777	6/12/2023 21:10	9.83	21.26
778	6/12/2023 21:20	9.72	21.3
779	6/12/2023 21:30	9.62	21.36
780	6/12/2023 21:40	9.51	21.38
781	6/12/2023 21:50	9.44	21.42
782	6/12/2023 22:00	9.37	21.54
783	6/12/2023 22:10	9.19	21.56
784	6/12/2023 22:20	9.01	21.46
785	6/12/2023 22:30	8.89	21.4
786	6/12/2023 22:40	8.92	21.38
787	6/12/2023 22:50	9.07	21.42
788	6/12/2023 23:00	8.97	21.42
789	6/12/2023 23:10	8.87	21.42
790	6/12/2023 23:20	8.75	21.44
791	6/12/2023 23:30	8.83	21.52
792	6/12/2023 23:40	8.51	21.56
793	6/12/2023 23:50	8.38	21.5
794	6/13/2023 0:00	8.28	21.66
795	6/13/2023 0:10	8.36	21.62
796	6/13/2023 0:20	8.25	21.62
797	6/13/2023 0:30	8.64	21.64
798	6/13/2023 0:40	8.63	21.68
799	6/13/2023 0:50	8.64	21.68
800	6/13/2023 1:00	8.11	21.6
801	6/13/2023 1:10	8.32	21.52
802	6/13/2023 1:20	8.24	21.42
803	6/13/2023 1:30	7.88	21.34
804	6/13/2023 1:40	7.65	21.28
805	6/13/2023 1:50	7.5	21.24
806	6/13/2023 2:00	7.3	21.2
807	6/13/2023 2:10	7.86	21.02
808	6/13/2023 2:20	8.01	20.92
809	6/13/2023 2:30	8.18	20.82
810	6/13/2023 2:40	8.08	20.82
811	6/13/2023 2:50	8.35	20.8
812	6/13/2023 3:00	8.59	20.76
813	6/13/2023 3:10	8.41	20.76
814	6/13/2023 3:20	8.47	20.78
815	6/13/2023 3:30	8.56	20.7
816	6/13/2023 3:40	8.38	20.72
817	6/13/2023 3:50	8.5	20.62
818	6/13/2023 4:00	8.53	20.44
819	6/13/2023 4:10	8.52	20.32
820	6/13/2023 4:20	8.49	20.18
821	6/13/2023 4:30	8.59	19.88
822	6/13/2023 4:40	8.86	19.68
823	6/13/2023 4:50	8.88	19.6
824	6/13/2023 5:00	8.8	19.6
825	6/13/2023 5:10	8.81	19.6
826	6/13/2023 5:20	8.82	19.6
827	6/13/2023 5:30	8.82	19.58
828	6/13/2023 5:40	8.76	19.58
829	6/13/2023 5:50	8.7	19.6
830	6/13/2023 6:00	8.64	19.6
831	6/13/2023 6:10	8.52	19.6
832	6/13/2023 6:20	8.46	19.62
833	6/13/2023 6:30	8.45	19.64
834	6/13/2023 6:40	8.25	19.64
835	6/13/2023 6:50	8.32	19.64
836	6/13/2023 7:00	8.39	19.7
837	6/13/2023 7:10	8.12	19.72
838	6/13/2023 7:20	8.31	19.9
839	6/13/2023 7:30	8.06	19.98
840	6/13/2023 7:40	8	20.04
841	6/13/2023 7:50	8	20.12
842	6/13/2023 8:00	7.84	20.12
843	6/13/2023 8:10	7.93	20.2
844	6/13/2023 8:20	7.87	20.26
845	6/13/2023 8:30	7.74	20.32
846	6/13/2023 8:40	7.59	20.44
847	6/13/2023 8:50	7.69	20.52
848	6/13/2023 9:00	7.81	20.58
849	6/13/2023 9:10	7.86	20.7
850	6/13/2023 9:20	7.87	20.76
851	6/13/2023 9:30	7.49	20.76
852	6/13/2023 9:40	7.68	20.78
853	6/13/2023 9:50	7.81	20.86
854	6/13/2023 10:00	7.8	20.88
855	6/13/2023 10:10	8.01	20.96
856	6/13/2023 10:20	7.96	21
857	6/13/2023 10:30	8.04	21.04
858	6/13/2023 10:40	8.07	21.08
859	6/13/2023 10:50	8.13	21.12
860	6/13/2023 11:00	8.19	21.18
861	6/13/2023 11:10	8.14	21.24
862	6/13/2023 11:20	8.27	21.34
863	6/13/2023 11:30	8.5	21.46
864	6/13/2023 11:40	8.39	21.58
865	6/13/2023 11:50	8.36	21.7
866	6/13/2023 12:00	8.35	21.82
867	6/13/2023 12:10	8.55	21.96
868	6/13/2023 12:20	8.41	22.02
869	6/13/2023 12:30	8.52	22.1
870	6/13/2023 12:40	8.79	22.14
871	6/13/2023 12:50	8.7	22.22
872	6/13/2023 13:00	9.31	22.32
873	6/13/2023 13:10	9.4	22.4
874	6/13/2023 13:20	9.54	22.46
875	6/13/2023 13:30	9.66	22.52
876	6/13/2023 13:40	9.77	22.56
877	6/13/2023 13:50	9.92	22.54
878	6/13/2023 14:00	9.83	22.48
879	6/13/2023 14:10	9.93	22.14
880	6/13/2023 14:20	9.99	22.1
881	6/13/2023 14:30	9.94	21.9
882	6/13/2023 14:40	9.95	21.88
883	6/13/2023 14:50	9.71	21.9
884	6/13/2023 15:00	9.93	21.32
885	6/13/2023 15:10	10.02	21.14
886	6/13/2023 15:20	10.06	21.02
887	6/13/2023 15:30	10.14	20.84
888	6/13/2023 15:40	10.12	20.6
889	6/13/2023 15:50	10.14	20.4
890	6/13/2023 16:00	10.21	20.32
891	6/13/2023 16:10	10.09	20.1
892	6/13/2023 16:20	10.2	19.96
893	6/13/2023 16:30	10.24	20.14
894	6/13/2023 16:40	10.2	20.18
895	6/13/2023 16:50	10.13	20
896	6/13/2023 17:00	10.28	20.04
897	6/13/2023 17:10	10.24	20.34
898	6/13/2023 17:20	10.07	19.96
899	6/13/2023 17:30	10.22	19.84
900	6/13/2023 17:40	10.17	19.92
901	6/13/2023 17:50	10.14	20.08
902	6/13/2023 18:00	10.17	20.16
903	6/13/2023 18:10	10.18	20.12
904	6/13/2023 18:20	10.21	20.22
905	6/13/2023 18:30	10.16	20.18
906	6/13/2023 18:40	10.18	20.12
907	6/13/2023 18:50	10.15	20.14
908	6/13/2023 19:00	10.04	20.12
909	6/13/2023 19:10	10.02	20.12
910	6/13/2023 19:20	10.03	20.14
911	6/13/2023 19:30	9.84	20.16
912	6/13/2023 19:40	9.71	20.16
913	6/13/2023 19:50	9.57	20.2
914	6/13/2023 20:00	9.62	20.36
915	6/13/2023 20:10	9.63	20.6
916	6/13/2023 20:20	9.81	21.26
917	6/13/2023 20:30	9.39	21.48
918	6/13/2023 20:40	9.33	21.68
919	6/13/2023 20:50	9.5	21.7
920	6/13/2023 21:00	9.32	21.66
921	6/13/2023 21:10	8.86	21.78
922	6/13/2023 21:20	8.95	21.8
923	6/13/2023 21:30	9.07	21.84
924	6/13/2023 21:40	9.12	21.98
925	6/13/2023 21:50	8.83	21.98
926	6/13/2023 22:00	9.2	21.94
927	6/13/2023 22:10	9.6	21.64
928	6/13/2023 22:20	9.51	21.54
929	6/13/2023 22:30	9.37	21.46
930	6/13/2023 22:40	9.39	21.46
931	6/13/2023 22:50	9.05	21.52
932	6/13/2023 23:00	8.67	21.54
933	6/13/2023 23:10	8.56	21.58
934	6/13/2023 23:20	7.96	21.6
935	6/13/2023 23:30	8.45	21.46
936	6/13/2023 23:40	8.33	21.34
937	6/13/2023 23:50	8.33	21.3
938	6/14/2023 0:00	8.31	21.28
939	6/14/2023 0:10	8.28	21.24
940	6/14/2023 0:20	8.15	21.24
941	6/14/2023 0:30	7.82	21.22
942	6/14/2023 0:40	8.14	21.2
943	6/14/2023 0:50	8.04	21.24
944	6/14/2023 1:00	7.8	21.26
945	6/14/2023 1:10	7.79	21.24
946	6/14/2023 1:20	7.75	21.18
947	6/14/2023 1:30	7.74	21.1
948	6/14/2023 1:40	7.83	20.98
949	6/14/2023 1:50	7.86	20.9
950	6/14/2023 2:00	7.94	20.96
951	6/14/2023 2:10	8.04	21.04
952	6/14/2023 2:20	8.02	21.06
953	6/14/2023 2:30	7.99	21.04
954	6/14/2023 2:40	7.75	21
955	6/14/2023 2:50	7.79	20.94
956	6/14/2023 3:00	7.82	20.9
957	6/14/2023 3:10	7.64	20.96
958	6/14/2023 3:20	7.71	20.96
959	6/14/2023 3:30	7.81	20.86
960	6/14/2023 3:40	7.92	20.54
961	6/14/2023 3:50	8.02	20.3
962	6/14/2023 4:00	8.23	20
963	6/14/2023 4:10	8.16	19.88
964	6/14/2023 4:20	8.38	19.68
965	6/14/2023 4:30	8.59	19.36
966	6/14/2023 4:40	8.43	19.3
967	6/14/2023 4:50	8.51	19.3
968	6/14/2023 5:00	8.63	19.1
969	6/14/2023 5:10	8.64	19.02
970	6/14/2023 5:20	8.66	18.96
971	6/14/2023 5:30	8.62	18.98
972	6/14/2023 5:40	8.56	19
973	6/14/2023 5:50	8.51	18.98
974	6/14/2023 6:00	8.62	18.9
975	6/14/2023 6:10	8.7	18.82
976	6/14/2023 6:20	8.71	18.8
977	6/14/2023 6:30	8.6	18.8
978	6/14/2023 6:40	8.6	18.8
979	6/14/2023 6:50	8.56	18.76
980	6/14/2023 7:00	8.61	18.76
981	6/14/2023 7:10	8.53	18.82
982	6/14/2023 7:20	8.5	18.9
983	6/14/2023 7:30	8.22	18.9
984	6/14/2023 7:40	8.48	18.92
985	6/14/2023 7:50	8.43	18.96
986	6/14/2023 8:00	8.26	19.22
987	6/14/2023 8:10	8.15	19.42
988	6/14/2023 8:20	8.26	19.42
989	6/14/2023 8:30	8.53	19.34
990	6/14/2023 8:40	8.44	19.34
991	6/14/2023 8:50	8.54	19.36
992	6/14/2023 9:00	8.71	19.38
993	6/14/2023 9:10	8.52	19.52
994	6/14/2023 9:20	8.19	19.64
995	6/14/2023 9:30	8	19.78
996	6/14/2023 9:40	8.23	19.9
997	6/14/2023 9:50	8.33	20
998	6/14/2023 10:00	8.27	20.14
999	6/14/2023 10:10	8.38	20.32
1000	6/14/2023 10:20	8.53	20.58
1001	6/14/2023 10:30	8.33	20.8
1002	6/14/2023 10:40	8.34	20.94
1003	6/14/2023 10:50	8.28	21.16
1004	6/14/2023 11:00	8.47	21.3
1005	6/14/2023 11:10	8.72	21.4
1006	6/14/2023 11:20	8.82	21.54
1007	6/14/2023 11:30	8.81	21.64
1008	6/14/2023 11:40	8.99	21.76
1009	6/14/2023 11:50	8.93	21.86
1010	6/14/2023 12:00	9.11	21.98
1011	6/14/2023 12:10	9.26	22.18
1012	6/14/2023 12:20	9.21	22.32
1013	6/14/2023 12:30	9.34	22.48
1014	6/14/2023 12:40	9.63	22.72
1015	6/14/2023 12:50	9.83	22.88
1016	6/14/2023 13:00	9.81	22.94
1017	6/14/2023 13:10	9.92	23
1018	6/14/2023 13:20	10.06	23.08
1019	6/14/2023 13:30	10.11	23.12
1020	6/14/2023 13:40	10.07	23.26
1021	6/14/2023 13:50	10.23	23.32
1022	6/14/2023 14:00	10.31	23.32
1023	6/14/2023 14:10	10.54	23.22
1024	6/14/2023 14:20	10.66	22.96
1025	6/14/2023 14:30	10.87	22.82
1026	6/14/2023 14:40	11.02	22.66
1027	6/14/2023 14:50	11.14	22.66
1028	6/14/2023 15:00	11.09	22.7
1029	6/14/2023 15:10	10.63	22.44
1030	6/14/2023 15:20	10.43	22
1031	6/14/2023 15:30	10.58	21.86
1032	6/14/2023 15:40	10.03	21.3
1033	6/14/2023 15:50	10.28	21.08
1034	6/14/2023 16:00	10.29	21.1
1035	6/14/2023 16:10	9.99	20.84
1036	6/14/2023 16:20	10.15	20.94
1037	6/14/2023 16:30	9.88	20.76
1038	6/14/2023 16:40	9.85	20.58
1039	6/14/2023 16:50	10.07	20.76
1040	6/14/2023 17:00	9.87	20.78
1041	6/14/2023 17:10	9.9	20.62
1042	6/14/2023 17:20	9.79	20.56
1043	6/14/2023 17:30	9.76	20.44
1044	6/14/2023 17:40	9.86	20.54
1045	6/14/2023 17:50	9.64	20.42
1046	6/14/2023 18:00	9.67	20.12
1047	6/14/2023 18:10	9.7	20.14
1048	6/14/2023 18:20	9.68	20.26
1049	6/14/2023 18:30	9.55	20.16
1050	6/14/2023 18:40	9.55	20.02
1051	6/14/2023 18:50	9.57	19.98
1052	6/14/2023 19:00	9.49	20
1053	6/14/2023 19:10	9.51	20.02
1054	6/14/2023 19:20	9.46	20.04
1055	6/14/2023 19:30	9.72	20.5
1056	6/14/2023 19:40	9.32	20.22
1057	6/14/2023 19:50	9.43	20.12
1058	6/14/2023 20:00	9.43	20.1
1059	6/14/2023 20:10	9.21	20.14
1060	6/14/2023 20:20	9.12	20.16
1061	6/14/2023 20:30	9.07	20.1
1062	6/14/2023 20:40	8.86	20.06
1063	6/14/2023 20:50	9.02	20.08
1064	6/14/2023 21:00	8.88	20.14
1065	6/14/2023 21:10	8.69	20.24
1066	6/14/2023 21:20	8.74	20.42
1067	6/14/2023 21:30	8.6	20.64
1068	6/14/2023 21:40	8.85	20.86
1069	6/14/2023 21:50	9.06	20.94
1070	6/14/2023 22:00	8.94	21.02
1071	6/14/2023 22:10	8.35	21.08
1072	6/14/2023 22:20	8.39	21.16
1073	6/14/2023 22:30	8.35	21.18
1074	6/14/2023 22:40	8.56	21.2
1075	6/14/2023 22:50	8.87	21.18
1076	6/14/2023 23:00	8.73	21.32
1077	6/14/2023 23:10	8.99	21.42
1078	6/14/2023 23:20	9.15	21.44
1079	6/14/2023 23:30	8.93	21.46
1080	6/14/2023 23:40	9.01	21.44
1081	6/14/2023 23:50	8.87	21.54
1082	6/15/2023 0:00	8.84	21.46
1083	6/15/2023 0:10	8.83	21.24
1084	6/15/2023 0:20	8.63	21.14
1085	6/15/2023 0:30	8.64	21.1
1086	6/15/2023 0:40	8.6	21.08
1087	6/15/2023 0:50	8.58	21.04
1088	6/15/2023 1:00	8.49	20.96
1089	6/15/2023 1:10	8.38	20.86
1090	6/15/2023 1:20	8.31	20.78
1091	6/15/2023 1:30	8.25	20.76
1092	6/15/2023 1:40	7.89	20.88
1093	6/15/2023 1:50	7.7	20.94
1094	6/15/2023 2:00	7.98	20.94
1095	6/15/2023 2:10	8.14	20.92
1096	6/15/2023 2:20	7.92	20.86
1097	6/15/2023 2:30	7.8	20.84
1098	6/15/2023 2:40	7.6	20.84
1099	6/15/2023 2:50	7.95	20.88
1100	6/15/2023 3:00	7.93	20.92
1101	6/15/2023 3:10	7.84	20.92
1102	6/15/2023 3:20	7.73	20.88
1103	6/15/2023 3:30	7.69	20.82
1104	6/15/2023 3:40	7.5	20.82
1105	6/15/2023 3:50	7.59	20.88
1106	6/15/2023 4:00	7.61	20.9
1107	6/15/2023 4:10	7.5	20.94
1108	6/15/2023 4:20	7.65	20.82
1109	6/15/2023 4:30	7.64	20.66
1110	6/15/2023 4:40	7.81	20.36
1111	6/15/2023 4:50	7.83	20.22
1112	6/15/2023 5:00	7.92	20.06
1113	6/15/2023 5:10	8.04	19.92
1114	6/15/2023 5:20	8.11	19.74
1115	6/15/2023 5:30	8.14	19.68
1116	6/15/2023 5:40	8.22	19.54
1117	6/15/2023 5:50	8.24	19.46
1118	6/15/2023 6:00	8.22	19.42
1119	6/15/2023 6:10	8.19	19.44
1120	6/15/2023 6:20	8.26	19.38
1121	6/15/2023 6:30	8.28	19.28
1122	6/15/2023 6:40	8.43	19.22
1123	6/15/2023 6:50	8.39	19.12
1124	6/15/2023 7:00	8.29	19.12
1125	6/15/2023 7:10	8.33	19.14
1126	6/15/2023 7:20	8.39	19.1
1127	6/15/2023 7:30	8.4	19.1
1128	6/15/2023 7:40	8.39	19.1
1129	6/15/2023 7:50	8.38	19.1
1130	6/15/2023 8:00	8.44	19.1
1131	6/15/2023 8:10	8.47	19.12
1132	6/15/2023 8:20	8.45	19.18
1133	6/15/2023 8:30	8.53	19.26
1134	6/15/2023 8:40	8.42	19.46
1135	6/15/2023 8:50	8.63	19.54
1136	6/15/2023 9:00	7.98	19.96
1137	6/15/2023 9:10	8.03	20.08
1138	6/15/2023 9:20	7.94	20.16
1139	6/15/2023 9:30	7.96	20.22
1140	6/15/2023 9:40	7.99	20.28
1141	6/15/2023 9:50	8.19	20.32
1142	6/15/2023 10:00	8.19	20.24
1143	6/15/2023 10:10	8.04	20.26
1144	6/15/2023 10:20	8.01	20.34
1145	6/15/2023 10:30	8.2	20.32
1146	6/15/2023 10:40	8.56	20.38
1147	6/15/2023 10:50	8.62	20.56
1148	6/15/2023 11:00	8.66	20.7
1149	6/15/2023 11:10	8.62	20.86
1150	6/15/2023 11:20	8.6	21.02
1151	6/15/2023 11:30	8.76	21.24
1152	6/15/2023 11:40	8.74	21.38
1153	6/15/2023 11:50	8.8	21.38
1154	6/15/2023 12:00	8.83	21.4
1155	6/15/2023 12:10	9	21.44
