Date Time,DO_conc,temp,DO Adj Conc_1point (mg/L) c:1 2,DO Percent-1point (%),Salinity (ppt)
06/09/23 12:20:00.000,9.21,17.8,7.5,94.555803689551,30.1754
06/09/23 12:30:00.000,9.54,17.8,7.72685957373997,97.9437966556261,31.0741
06/09/23 12:40:00.000,9.58,17.64,7.75625454636298,98.0305070851711,31.0997
06/09/23 12:50:00.000,9.48,17.64,7.6721218667235,97.007224130211,31.1683
06/09/23 13:00:00.000,9.51,17.6,7.6969562678047,97.2338448611083,31.1466
06/09/23 13:10:00.000,9.38,17.62,7.59122165924366,95.9443067542426,31.1628
06/09/23 13:20:00.000,9.35,17.64,7.56725972787397,95.676956288763,31.1607
06/09/23 13:30:00.000,9.32,17.64,7.54231212813641,95.369971402275,31.1754
06/09/23 13:40:00.000,9.45,17.64,7.64756210077428,96.700239243723,31.1744
06/09/23 13:50:00.000,9.63,17.6,7.79052580527362,98.4607703483147,31.2223
06/09/23 14:00:00.000,9.62,17.62,7.7840937725095,98.3991717458223,31.1918
06/09/23 14:10:00.000,9.66,17.66,7.81724241902369,98.8899543330045,31.1849
06/09/23 14:20:00.000,9.6,17.7,7.76915651112239,98.3568756602526,31.1846
06/09/23 14:30:00.000,9.64,17.76,7.80370913131915,98.8889451090882,31.1527
06/09/23 14:40:00.000,9.72,17.8,7.87072744706453,99.7917928189399,31.1147
06/09/23 14:50:00.000,9.7,17.84,7.85476293669138,99.6684967542199,31.1195
06/09/23 15:00:00.000,9.89,17.88,8.01048569256777,101.704423679643,31.0904
06/09/23 15:10:00.000,10.02,17.94,8.11693054221994,103.168448158453,31.0813
06/09/23 15:20:00.000,9.88,17.96,8.0044109669132,101.768774567196,31.0676
06/09/23 15:30:00.000,9.84,18.02,7.97351540960361,101.481673048036,31.0505
06/09/23 15:40:00.000,10.16,18.06,8.23590704774594,104.867894322466,30.9976
06/09/23 15:50:00.000,10.19,18.08,8.26009215922003,105.220677979565,31.0051
06/09/23 16:00:00.000,10.34,18.08,8.38292065523618,106.769559402227,30.9805
06/09/23 16:10:00.000,10.16,18.02,8.23349387382885,104.781890057728,31.0368
06/09/23 16:20:00.000,10.87,18.22,8.8384265421864,112.564467966687,30.526
06/09/23 16:30:00.000,10.63,18.32,8.62107762994983,110.304310773134,30.9791
06/09/23 16:40:00.000,10.56,18.72,8.60731529332754,110.473581003659,30.2358
06/09/23 16:50:00.000,10.14,18.82,8.24448968086549,106.29496583863,30.6751
06/09/23 17:00:00.000,10.19,18.74,8.27355472513364,106.646070461545,30.8907
06/09/23 17:10:00.000,10.28,19.08,8.38573117441708,108.330257233883,30.1864
06/09/23 17:20:00.000,9.87,19.38,8.04476918264657,104.639318161939,30.3919
06/09/23 17:30:00.000,10.01,19.5,8.18085864044618,106.379200021067,29.9664
06/09/23 17:40:00.000,9.91,19.62,8.09391768140038,105.569673844717,30.1024
06/09/23 17:50:00.000,9.81,19.68,8.00885069469465,104.629758358995,30.1876
06/09/23 18:00:00.000,9.86,19.72,8.07127848052996,105.247061352296,29.7443
06/09/23 18:10:00.000,9.78,19.74,7.99013902150694,104.434804847833,30.0792
06/09/23 18:20:00.000,9.84,19.76,8.0476556707696,105.117443199635,29.9054
06/09/23 18:30:00.000,9.72,19.84,7.94138015309951,104.00124654547,30.0965
06/09/23 18:40:00.000,9.68,19.72,7.9035374717075,103.325715404688,30.1793
06/09/23 18:50:00.000,9.85,19.66,8.04509709762562,105.014419936479,30.1077
06/09/23 19:00:00.000,9.88,19.62,8.06532087076164,105.250088555581,30.188
06/09/23 19:10:00.000,10.03,19.64,8.18799297813672,106.890738392328,30.188
06/09/23 19:20:00.000,10.06,19.56,8.20909019433183,107.039067164102,30.2393
06/09/23 19:30:00.000,9.86,19.5,8.04492250910305,104.785106114657,30.2457
06/09/23 19:40:00.000,10.06,19.42,8.20365477436416,106.73927562741,30.3186
06/09/23 19:50:00.000,10.25,19.38,8.3576836069051,108.667984919947,30.3277
06/09/23 20:00:00.000,10.14,19.38,8.26627257507313,107.50179191105,30.3627
06/09/23 20:10:00.000,9.92,19.36,8.08947069249714,105.127194681381,30.3051
06/09/23 20:20:00.000,9.94,19.4,8.10726540674268,105.423740666176,30.2835
06/09/23 20:30:00.000,10.29,19.4,8.3906541256685,109.13584421076,30.3252
06/09/23 20:40:00.000,10.62,19.26,8.65316489207082,112.319549128241,30.4206
06/09/23 20:50:00.000,10.53,19.1,8.57375190584386,111.009504819006,30.5025
06/09/23 21:00:00.000,10.39,19,8.45472454687605,109.312821064676,30.5791
06/09/23 21:10:00.000,10.24,18.94,8.33278004588926,107.604166156432,30.5627
06/09/23 21:20:00.000,10.27,18.82,8.35066155178472,107.65772181092,30.6656
06/09/23 21:30:00.000,10.37,18.8,8.43380380634729,108.661968141749,30.6245
06/09/23 21:40:00.000,10.21,18.78,8.30098191760182,106.942064614036,30.6742
06/09/23 21:50:00.000,9.99,18.74,8.1206411378127,104.552918931387,30.6952
06/09/23 22:00:00.000,10.25,18.62,8.32894629449898,107.013043974414,30.728
06/09/23 22:10:00.000,10.17,18.6,8.26484211611675,106.134676502979,30.705
06/09/23 22:20:00.000,10.31,18.64,8.37901416935103,107.683202938137,30.7065
06/09/23 22:30:00.000,10.36,18.64,8.41898557783949,108.205429916499,30.7197
06/09/23 22:40:00.000,10.23,18.64,8.31376411929747,106.847639772759,30.7112
06/09/23 22:50:00.000,10.34,18.64,8.40236122754,107.996539125154,30.7271
06/09/23 23:00:00.000,10.39,18.64,8.44324381457472,108.518766103516,30.7221
06/09/23 23:10:00.000,10.14,18.66,8.2415887653332,105.950654573533,30.6963
06/09/23 23:20:00.000,10.11,18.7,8.21976473437008,105.722993584434,30.6536
06/09/23 23:30:00.000,10.27,18.68,8.34773500253697,107.352574743184,30.6913
06/09/23 23:40:00.000,9.95,18.7,8.09469535016588,104.049830481219,30.5498
06/09/23 23:50:00.000,9.93,18.68,8.07365425498737,103.79854597856,30.644
06/10/23 00:00:00.000,9.86,18.62,8.01236081183636,102.9413281549,30.7213
06/10/23 00:10:00.000,9.67,18.56,7.85776730837197,100.834613866267,30.7113
06/10/23 00:20:00.000,9.39,18.52,7.62702682775734,97.8352468381176,30.7723
06/10/23 00:30:00.000,8.85,18.42,7.18697815378655,92.0213247705416,30.7819
06/10/23 00:40:00.000,8.55,18.36,6.94162844347641,88.7932404185422,30.8091
06/10/23 00:50:00.000,8.54,18.34,6.93326211724036,88.653197767829,30.8103
06/10/23 01:00:00.000,9.34,18.34,7.58064138089669,96.9579469732462,30.8567
06/10/23 01:10:00.000,8.89,18.3,7.21467932951906,92.2111863933648,30.864
06/10/23 01:20:00.000,8.72,18.26,7.07539104562525,90.3739813454822,30.8857
06/10/23 01:30:00.000,8.17,18.2,6.62882665937088,84.5699691977656,30.8788
06/10/23 01:40:00.000,7.33,18.14,5.94436407737207,75.7817711703538,30.9463
06/10/23 01:50:00.000,7.72,18.04,6.2585330397598,79.6504088799069,30.9784
06/10/23 02:00:00.000,8.18,18,6.62981013004368,84.3271797355256,31.01
06/10/23 02:10:00.000,8.27,18,6.70402612409179,85.25498489154,30.9784
06/10/23 02:20:00.000,8.18,18.04,6.63074232398405,84.3964176991759,30.9962
06/10/23 02:30:00.000,8.39,18.02,6.80049120871531,86.5275647228682,31.0031
06/10/23 02:40:00.000,8.8,18.02,7.13190782261154,90.7559677665364,31.0243
06/10/23 02:50:00.000,8.76,18.04,7.1010035774443,90.3805157756456,30.9936
06/10/23 03:00:00.000,8.94,18.06,7.24745423678776,92.2754896892569,30.986
06/10/23 03:10:00.000,8.71,18.06,7.06224445655208,89.9015117666026,30.9566
06/10/23 03:20:00.000,8.69,18.06,7.04507666751136,89.6950789037631,30.9791
06/10/23 03:30:00.000,8.57,18.06,6.94998497820846,88.4564817267261,30.9265
06/10/23 03:40:00.000,8.36,18.08,6.77987704958079,86.3243246230775,30.9265
06/10/23 03:50:00.000,8.09,18.16,6.56260467882343,83.6733460332825,30.9026
06/10/23 04:00:00.000,8.02,18.16,6.50603138594519,82.9493492196447,30.8972
06/10/23 04:10:00.000,7.98,18.18,6.47320916038335,82.5694298721895,30.9116
06/10/23 04:20:00.000,8.26,18.18,6.70190226096652,85.466602850161,30.8727
06/10/23 04:30:00.000,8.18,18.14,6.63539430052946,84.5695618244876,30.9033
06/10/23 04:40:00.000,7.88,18.12,6.39127991796969,81.4346244182588,30.9184
06/10/23 04:50:00.000,7.96,18.1,6.46004865811278,82.2276716509885,30.8134
06/10/23 05:00:00.000,7.74,18.06,6.27526296181081,79.8895179188868,30.9695
06/10/23 05:10:00.000,8.09,18.04,6.55964612204476,83.4678507562755,30.949
06/10/23 05:20:00.000,8.36,18.04,6.77982049326906,86.2535515849769,30.9183
06/10/23 05:30:00.000,8.19,18.04,6.63955373430222,84.4995918039426,30.9785
06/10/23 05:40:00.000,8.04,18.04,6.51958183348368,82.9519802324419,30.9368
06/10/23 05:50:00.000,8.13,18.04,6.5921071752313,83.8805471753424,30.9483
06/10/23 06:00:00.000,7.75,18.08,6.28690064542395,80.0255401709151,30.8807
06/10/23 06:10:00.000,7.6,18.1,6.16518863178511,78.508832229587,30.8863
06/10/23 06:20:00.000,7.67,18.08,6.22057383906544,79.1994700788283,30.919
06/10/23 06:30:00.000,7.66,18.08,6.21248966788653,79.0962113173174,30.9183
06/10/23 06:40:00.000,7.55,18.08,6.12325064992752,77.960364940698,30.919
06/10/23 06:50:00.000,7.47,18.1,6.05861907566712,77.1659179940809,30.9169
06/10/23 07:00:00.000,7.58,18.08,6.1471056025515,78.2701412252305,30.9319
06/10/23 07:10:00.000,7.41,18.04,6.0085495671211,76.4520116321386,30.9415
06/10/23 07:20:00.000,7.3,18.06,5.91930405073459,75.3479949364178,30.9477
06/10/23 07:30:00.000,7.36,18.06,5.96775887758044,75.9672935249363,30.9532
06/10/23 07:40:00.000,7.5,18.06,6.0831230292513,77.4123235648128,30.9026
06/10/23 07:50:00.000,7.42,18.1,6.01771946377763,76.6494125188863,30.9265
06/10/23 08:00:00.000,7.53,18.14,6.11363320182185,77.8494866183852,30.7532
06/10/23 08:10:00.000,7.59,18.18,6.16025014940354,78.5340817957291,30.8195
06/10/23 08:20:00.000,7.21,18.16,5.85144680525211,74.571671804693,30.8257
06/10/23 08:30:00.000,7.86,18.3,6.3824711949764,81.5275506245047,30.7675
06/10/23 08:40:00.000,7.41,18.26,6.0164815534384,76.7971561662871,30.7741
06/10/23 08:50:00.000,7.83,18.22,6.35402915933258,81.0836967966106,30.8556
06/10/23 09:00:00.000,7.92,18.22,6.42963013685695,82.0156933115142,30.789
06/10/23 09:10:00.000,8,18.26,6.4917717997097,82.9119094912681,30.8706
06/10/23 09:20:00.000,8,18.22,6.48983618810973,82.8441346580951,30.9108
06/10/23 09:30:00.000,7.26,18.14,5.88846182925425,75.0580707635427,30.9218
06/10/23 09:40:00.000,8.66,18.34,7.02972513960444,89.8989101486415,30.8331
06/10/23 09:50:00.000,8.31,18.3,6.74497420427983,86.1951584846863,30.8394
06/10/23 10:00:00.000,7.34,18.22,5.95534916345625,76.0094935488023,30.8849
06/10/23 10:10:00.000,6.93,18.1,5.62319651805589,71.5876588619787,30.8413
06/10/23 10:20:00.000,7.12,18.08,5.77559733054744,73.5202381957311,30.8876
06/10/23 10:30:00.000,7.33,18.08,5.94572380206082,75.6886721874591,30.8938
06/10/23 10:40:00.000,7.49,18.16,6.07600880766601,77.4676590592442,30.8992
06/10/23 10:50:00.000,7.88,18.12,6.39049784903969,81.4346244182588,30.9388
06/10/23 11:00:00.000,8.53,18.12,6.92378942633166,88.1519474984451,30.7905
06/10/23 11:10:00.000,8.81,18.16,7.14441445572808,91.1201704021284,30.9552
06/10/23 11:20:00.000,9.67,18.12,7.84025088756909,99.9330987467718,30.9791
06/10/23 11:30:00.000,10.18,18.08,8.25293190470628,105.117419218054,30.986
06/10/23 11:40:00.000,10.47,18.08,8.4876174323062,108.111923301869,30.9942
06/10/23 11:50:00.000,10.27,18.08,8.32586498091966,106.046748071651,30.9866
06/10/23 12:00:00.000,10.25,18.06,8.3063999078681,105.796842205244,31.047
06/10/23 12:10:00.000,10.17,18.02,8.24024212752391,104.885021839281,31.0642
06/10/23 12:20:00.000,10.1,18.04,8.18898475096212,104.205845814386,30.9579
06/10/23 12:30:00.000,9.86,18.2,7.99636019118534,102.063634796814,30.9553
06/10/23 12:40:00.000,10.08,18.12,8.17112688133414,104.170179458889,31.0106
06/10/23 12:50:00.000,10.07,18.08,8.16268209124537,103.981572841434,31.0079
06/10/23 13:00:00.000,10.19,18.02,8.25580278024037,105.091285402387,31.0772
06/10/23 13:10:00.000,10.14,18,8.21420724695907,104.532714244282,31.0944
06/10/23 13:20:00.000,10.41,17.98,8.43226407077215,107.272078410665,31.1027
06/10/23 13:30:00.000,10.35,17.92,8.38368908710311,106.522424710407,31.0877
06/10/23 13:40:00.000,10.34,18.04,8.37943904894431,106.682024328787,31.0401
06/10/23 13:50:00.000,10.05,18.04,8.14368761113685,103.689975290552,31.0552
06/10/23 14:00:00.000,10.19,17.86,8.25231073371482,104.746392866803,31.109
06/10/23 14:10:00.000,10.18,17.88,8.24560645364084,104.686656527681,31.0857
06/10/23 14:20:00.000,10.05,17.88,8.1376577147015,103.349793526836,31.1399
06/10/23 14:30:00.000,10.07,17.86,8.15435496990109,103.512873029314,31.1248
06/10/23 14:40:00.000,9.98,17.9,8.0844861355497,102.672158727782,31.0725
06/10/23 14:50:00.000,9.99,17.94,8.09342566004987,102.859560589116,31.0649
06/10/23 15:00:00.000,9.94,18.04,8.0572074188411,102.555060138118,31.0003
06/10/23 15:10:00.000,9.99,18.04,8.09466528865747,103.070930661952,31.0635
06/10/23 15:20:00.000,9.9,18.04,8.02458174466371,102.142363719052,31.0045
06/10/23 15:30:00.000,9.92,18,8.03850883069598,102.264746085136,31.0422
06/10/23 15:40:00.000,10.02,18.02,8.11877286940311,103.338045115988,31.0628
06/10/23 15:50:00.000,10.09,18.04,8.18208000125405,104.102671709619,30.9334
06/10/23 16:00:00.000,9.94,18.06,8.05664206484151,102.597132831232,31.0168
06/10/23 16:10:00.000,9.76,18.14,7.9155851008872,100.904513863936,30.9341
06/10/23 16:20:00.000,9.84,18.2,7.98020258669318,101.856609168423,30.954
06/10/23 16:30:00.000,9.61,18.06,7.78676093068205,99.1909905943801,31.0683
06/10/23 16:40:00.000,10.29,17.96,8.33644262707812,105.99197270207,31.0703
06/10/23 16:50:00.000,10.09,17.96,8.17471214362187,103.931876050912,31.0642
06/10/23 17:00:00.000,10.23,17.96,8.28862017115816,105.373943706722,31.0545
06/10/23 17:10:00.000,10.23,18.1,8.29374077544054,105.677020224826,30.9853
06/10/23 17:20:00.000,10.19,18.16,8.26270417372023,105.393250442416,30.9716
06/10/23 17:30:00.000,10.25,18.2,8.31640953906262,106.10063455044,30.8798
06/10/23 17:40:00.000,10.23,18.24,8.29873297643808,105.980268974361,30.9185
06/10/23 17:50:00.000,10.21,18.28,8.28311243376521,105.85957855323,30.9159
06/10/23 18:00:00.000,10.38,18.38,8.42679325908269,107.84210145299,30.8255
06/10/23 18:10:00.000,10.23,18.42,8.30446818632323,106.370412700863,30.8461
06/10/23 18:20:00.000,10.49,18.5,8.53844055937902,109.251761537866,30.4159
06/10/23 18:30:00.000,10.09,18.78,8.2038938581208,105.685154941785,30.6645
06/10/23 18:40:00.000,10.19,18.88,8.29905935535564,106.948913377297,30.4078
06/10/23 18:50:00.000,10.16,18.88,8.27323999201339,106.634049059209,30.4359
06/10/23 19:00:00.000,10,18.88,8.14891288066121,104.954772696072,30.3132
06/10/23 19:10:00.000,9.88,18.84,8.05141847164485,103.611404376459,30.2978
06/10/23 19:20:00.000,10.31,18.96,8.40367293164029,108.383538806413,30.289
06/10/23 19:30:00.000,10.27,19,8.37154225375766,108.05030532572,30.2888
06/10/23 19:40:00.000,9.84,19,8.0136550132397,103.526290594458,30.4432
06/10/23 19:50:00.000,10.18,18.92,8.29143082674754,106.930431404681,30.4067
06/10/23 20:00:00.000,9.91,18.9,8.06950606853491,104.052267715837,30.4439
06/10/23 20:10:00.000,10.06,18.86,8.18832905938523,105.541779725954,30.5025
06/10/23 20:20:00.000,10.43,18.86,8.49247808428398,109.423535043907,30.4435
06/10/23 20:30:00.000,10.17,18.82,8.28101638561277,106.609447986081,30.4293
06/10/23 20:40:00.000,9.64,18.82,7.84713193165592,101.053596714437,30.479
06/10/23 20:50:00.000,10,18.82,8.14432672045545,104.827382483856,30.3936
06/10/23 21:00:00.000,9.56,18.86,7.80033964018118,100.296164431424,30.0939
06/10/23 21:10:00.000,9.35,18.92,7.6217913973084,98.2121349345546,30.2662
06/10/23 21:20:00.000,9.82,18.98,8.01076527067663,103.2741488767,30.1576
06/10/23 21:30:00.000,9.88,19.04,8.062215474982,104.031093942299,30.1193
06/10/23 21:40:00.000,9.29,19.02,7.58109181564444,97.7792338858571,30.1075
06/10/23 21:50:00.000,9.39,18.98,7.66287795623877,98.7519610949299,30.0943
06/10/23 22:00:00.000,9.94,19.08,8.11462643961984,104.747349893463,30.0571
06/10/23 22:10:00.000,9.89,19.08,8.0738420472624,104.220451755166,30.0564
06/10/23 22:20:00.000,9.71,19.06,7.93071107502855,102.282350201119,29.971
06/10/23 22:30:00.000,9.77,19.06,7.9787805059802,102.914372962403,29.9907
06/10/23 22:40:00.000,9.92,19.08,8.10277954763176,104.536590638144,29.9642
06/10/23 22:50:00.000,9.51,19.06,7.76865015765041,100.175607663506,29.9431
06/10/23 23:00:00.000,9.91,19.08,8.09395604121691,104.431211010485,29.9778
06/10/23 23:10:00.000,9.57,19.08,7.81569924225662,100.848303670064,29.9899
06/10/23 23:20:00.000,9.86,19.04,8.05269270403317,103.820504683307,29.9775
06/10/23 23:30:00.000,9.43,19.1,7.69291359825379,99.4130703174954,30.1789
06/10/23 23:40:00.000,9.3,19.06,7.58716601115756,97.963527999012,30.1629
06/10/23 23:50:00.000,9.15,19.06,7.46084619732098,96.3834710958021,30.2517
06/11/23 00:00:00.000,9.5,19.06,7.75985280692757,100.070270536625,29.9567
06/11/23 00:10:00.000,9.29,19.1,7.58419972236305,97.9371604718486,30.0571
06/11/23 00:20:00.000,8.92,19.06,7.28337797811243,93.960717177547,30.0193
06/11/23 00:30:00.000,9.05,18.88,7.36815067648823,94.9840692899449,30.4637
06/11/23 00:40:00.000,7.47,18.7,6.07613604484667,78.1158023813771,30.577
06/11/23 00:50:00.000,7.79,18.38,6.32796767074016,80.9335231520992,30.7248
06/11/23 01:00:00.000,7.98,18.4,6.48248859612541,82.9413347163342,30.7249
06/11/23 01:10:00.000,8.73,18.44,7.09486415525918,90.8105860316904,30.6609
06/11/23 01:20:00.000,8.49,18.46,6.89792321192355,88.3500686124872,30.7115
06/11/23 01:30:00.000,9.15,18.52,7.43912554193659,95.334665449284,30.614
06/11/23 01:40:00.000,9.32,18.64,7.58226641891762,97.34310876658,30.5335
06/11/23 01:50:00.000,8.92,18.58,7.24985837670307,93.0517702486505,30.6806
06/11/23 02:00:00.000,8.9,18.46,7.23101683661634,92.6166796997804,30.712
06/11/23 02:10:00.000,9.05,18.42,7.35116407457612,94.1009027314578,30.7417
06/11/23 02:20:00.000,9.18,18.38,7.45327568453631,95.3748064873261,30.8103
06/11/23 02:30:00.000,9.22,18.34,7.48532962543635,95.7122345924336,30.8102
06/11/23 02:40:00.000,9.18,18.36,7.45379518335491,95.3359002388558,30.7939
06/11/23 02:50:00.000,9.1,18.3,7.38676395265444,94.3894033947828,30.8265
06/11/23 03:00:00.000,9.06,18.26,7.35429760709384,93.8977374988611,30.8169
06/11/23 03:10:00.000,8.89,18.24,7.21592391354031,92.0982005065563,30.8209
06/11/23 03:20:00.000,8.65,18.22,7.01945750041211,89.5752205990653,30.8556
06/11/23 03:30:00.000,8.57,18.2,6.95462623576943,88.7104817655877,30.8487
06/11/23 03:40:00.000,8.58,18.18,6.96194083700532,88.7776576821285,30.8631
06/11/23 03:50:00.000,8.6,18.16,6.97571824886576,88.948179961215,30.9169
06/11/23 04:00:00.000,8.45,18.14,6.85634345040364,87.36097767933,30.8563
06/11/23 04:10:00.000,8.31,18.12,6.74164391138552,85.878391994382,30.8788
06/11/23 04:20:00.000,8.41,18.1,6.82132251627633,86.8762209277404,30.9094
06/11/23 04:30:00.000,8.61,18.06,6.98253679117448,88.8693474524051,30.9238
06/11/23 04:40:00.000,8.45,18.04,6.85319976616117,87.1821185278773,30.9088
06/11/23 04:50:00.000,8.36,18.04,6.77981642377631,86.2535515849769,30.9184
06/11/23 05:00:00.000,8.2,18.12,6.65175391811201,84.7416142423505,30.8951
06/11/23 05:10:00.000,8.19,18.12,6.64399672118046,84.6382708103476,30.8862
06/11/23 05:20:00.000,8.15,18.06,6.60886331097569,84.1213916070966,30.9395
06/11/23 05:30:00.000,8.05,18.18,6.53236869551416,83.2937231166824,30.8509
06/11/23 05:40:00.000,8.26,18.22,6.70325051780501,85.5365690344832,30.8487
06/11/23 05:50:00.000,8.36,18.24,6.78431723190826,86.6075316349618,30.8556
06/11/23 06:00:00.000,8.37,18.22,6.79257191544988,86.675675886032,30.8474
06/11/23 06:10:00.000,8.3,18.22,6.73565121954563,85.9507897077737,30.8502
06/11/23 06:20:00.000,8.06,18.22,6.54099517784062,83.4654656680308,30.8474
06/11/23 06:30:00.000,7.97,18.2,6.46829899262815,82.4997129138546,30.8338
06/11/23 06:40:00.000,7.84,18.2,6.36258369986078,81.1540463293124,30.8393
06/11/23 06:50:00.000,7.7,18.24,6.25186718834792,79.7700949269385,30.7714
06/11/23 07:00:00.000,7.56,18.3,6.13924051711774,78.4158120510503,30.7573
06/11/23 07:10:00.000,7.46,18.32,6.05855450423077,77.4101748229141,30.7477
06/11/23 07:20:00.000,7.37,18.28,5.9840490989793,76.4138191907256,30.7776
06/11/23 07:30:00.000,7.4,18.34,6.01106620809199,76.8189301501094,30.718
06/11/23 07:40:00.000,7.27,18.32,5.9034561047105,75.4386020057085,30.7701
06/11/23 07:50:00.000,7.32,18.32,5.94430323804289,75.9574369576047,30.7632
06/11/23 08:00:00.000,7.37,18.28,5.98451517901333,76.4138191907256,30.7646
06/11/23 08:10:00.000,7.3,18.3,5.92895136787981,75.7189719540565,30.7334
06/11/23 08:20:00.000,7.03,18.32,5.71030607543084,72.9481942366067,30.7193
06/11/23 08:30:00.000,7.03,18.36,5.71222428694759,73.0077754552458,30.6727
06/11/23 08:40:00.000,7.18,18.4,5.83339711062677,74.6264139427668,30.7025
06/11/23 08:50:00.000,7.1,18.4,5.76968902287796,73.7949218654101,30.6652
06/11/23 09:00:00.000,6.81,18.42,5.53615012434775,70.8096295691964,30.6058
06/11/23 09:10:00.000,6.79,18.44,5.52460057133242,70.6304558024259,30.468
06/11/23 09:20:00.000,7.19,18.58,5.85433732985287,75.0047340905602,30.3785
06/11/23 09:30:00.000,6.67,18.36,5.41868434046498,69.2691127007809,30.7042
06/11/23 09:40:00.000,7.56,18.32,6.14456530792999,78.4478447267065,30.6173
06/11/23 09:50:00.000,6.85,18.38,5.57010646517099,71.1674754289961,30.5532
06/11/23 10:00:00.000,7.18,18.36,5.83229412336166,74.5655516029395,30.7246
06/11/23 10:10:00.000,6.92,18.5,5.63011779616718,72.070752129841,30.4897
06/11/23 10:20:00.000,6.91,18.44,5.61977517782419,71.8787112805247,30.5412
06/11/23 10:30:00.000,7.92,18.58,6.44448153952738,82.6199574405058,30.4887
06/11/23 10:40:00.000,7.01,18.58,5.70528891509095,73.1270077850941,30.4514
06/11/23 10:50:00.000,7.75,18.56,6.30377105356811,80.813677090338,30.5472
06/11/23 11:00:00.000,8.2,18.62,6.6700843057081,85.6104351795314,30.5541
06/11/23 11:10:00.000,8.29,18.62,6.74176966360424,86.5500619071116,30.5919
06/11/23 11:20:00.000,8.24,18.54,6.69710829168441,85.8882392667341,30.6729
06/11/23 11:30:00.000,8.55,18.48,6.95699443523866,89.0107015532153,30.468
06/11/23 11:40:00.000,9.01,18.5,7.3227394431363,93.8377856488247,30.6678
06/11/23 11:50:00.000,9.45,18.54,7.67877968432699,98.5004685765336,30.7113
06/11/23 12:00:00.000,10.59,18.58,8.60558022062798,110.472897638252,30.7116
06/11/23 12:10:00.000,10.04,18.56,8.15591507949285,104.692815224128,30.7628
06/11/23 12:20:00.000,10.2,18.52,8.28653482248277,106.274709025431,30.7403
06/11/23 12:30:00.000,10.24,18.6,8.32624585337,106.865200333383,30.6142
06/11/23 12:40:00.000,10.64,18.7,8.65381883005594,111.265346363836,30.5927
06/11/23 12:50:00.000,10.57,18.72,8.59985859120364,110.578196137185,30.5395
06/11/23 13:00:00.000,10.32,18.76,8.39872635320018,108.05042362794,30.5036
06/11/23 13:10:00.000,10.44,18.72,8.48810194834589,109.218199401345,30.6576
06/11/23 13:20:00.000,9.51,18.88,7.74157024068729,99.8119888339642,30.4874
06/11/23 13:30:00.000,10.91,18.78,8.87418678297281,114.274037702167,30.597
06/11/23 13:40:00.000,10.53,18.84,8.56420642809726,110.427944138068,30.6285
06/11/23 13:50:00.000,9.8,18.94,7.97695577160508,102.980549641898,30.5159
06/11/23 14:00:00.000,10.44,18.86,8.49352557713267,109.528447349798,30.5835
06/11/23 14:10:00.000,10.3,18.94,8.38207455301819,108.234659317505,30.5533
06/11/23 14:20:00.000,10.24,18.9,8.33415747742506,107.517176731601,30.5256
06/11/23 14:30:00.000,10.09,18.98,8.21389739369757,106.113662135021,30.5071
06/11/23 14:40:00.000,9.58,18.98,7.79833019369425,100.750137091526,30.5156
06/11/23 14:50:00.000,9.77,18.94,7.95301054127085,102.665303061362,30.5059
06/11/23 15:00:00.000,10.09,18.94,8.21087444785788,106.02793325375,30.5595
06/11/23 15:10:00.000,10.04,18.94,8.17052229529211,105.502522286189,30.5526
06/11/23 15:20:00.000,10.06,19.02,8.19167367892838,105.883648319884,30.4714
06/11/23 15:30:00.000,10.14,19.04,8.25847704650885,106.768754309202,30.4423
06/11/23 15:40:00.000,10.06,19.08,8.19310811373894,106.011905425376,30.456
06/11/23 15:50:00.000,10.25,19.06,8.34801454825455,107.970555052674,30.448
06/11/23 16:00:00.000,10.27,19.12,8.36936260399021,108.312184661263,30.3604
06/11/23 16:10:00.000,10.55,19.14,8.5958272640505,111.310043625222,30.3986
06/11/23 16:20:00.000,10.23,19.12,8.33564391300271,107.890326103673,30.383
06/11/23 16:30:00.000,10.35,19.08,8.4336837285821,109.067914627499,30.3685
06/11/23 16:40:00.000,10.32,19.1,8.41018699008014,108.795640050536,30.3542
06/11/23 16:50:00.000,10.31,19.16,8.40377957703207,108.821704311591,30.3333
06/11/23 17:00:00.000,10.2,19.2,8.31571414641255,107.747397650846,30.3103
06/11/23 17:10:00.000,10.19,19.34,8.31032305756718,107.94516288126,30.2868
06/11/23 17:20:00.000,10.3,19.32,8.40079977902395,109.066598593803,30.2668
06/11/23 17:30:00.000,10.37,19.32,8.45974252849013,109.807827904635,30.23
06/11/23 17:40:00.000,10.37,19.44,8.46143477838733,110.07259464327,30.224
06/11/23 17:50:00.000,10.38,19.54,8.4683449281955,110.399688187706,30.2719
06/11/23 18:00:00.000,10.7,19.34,8.7333742332031,113.347717647643,30.1494
06/11/23 18:10:00.000,10.72,19.48,8.75588617502075,113.878940734039,30.0625
06/11/23 18:20:00.000,10.71,19.6,8.74989113124607,114.046331950264,30.0481
06/11/23 18:30:00.000,10.8,19.74,8.83061428753979,115.32677835957,29.9425
06/11/23 18:40:00.000,10.81,19.86,8.84364031245837,115.710023799634,29.8771
06/11/23 18:50:00.000,10.56,20,8.64356599932755,113.349270097049,29.8217
06/11/23 19:00:00.000,10.6,20.12,8.67819206269983,114.04999329792,29.812
06/11/23 19:10:00.000,10.65,20.24,8.73453671346406,114.860744327043,29.5398
06/11/23 19:20:00.000,10.34,20.46,8.47269795674523,112.003244961942,29.7409
06/11/23 19:30:00.000,10.33,20.26,8.46374495652802,111.453638872428,29.7113
06/11/23 19:40:00.000,10.45,20.3,8.56786325983412,112.837611030088,29.6055
06/11/23 19:50:00.000,10.32,20.4,8.45999707508487,111.654310118817,29.6535
06/11/23 20:00:00.000,10.37,20.16,8.49649701750981,111.663845531497,29.6893
06/11/23 20:10:00.000,10.27,20.38,8.43962551539678,111.069471854269,29.2341
06/11/23 20:20:00.000,10.24,20.5,8.41537999417689,111.007571115148,29.2523
06/11/23 20:30:00.000,10.07,20.52,8.26857481451543,109.207715360795,29.4024
06/11/23 20:40:00.000,10.16,20.42,8.33490138739636,109.96664646916,29.5344
06/11/23 20:50:00.000,10.1,20.48,8.29388479275532,109.446721280204,29.3797
06/11/23 21:00:00.000,9.84,20.48,8.08193055760271,106.629280930417,29.3471
06/11/23 21:10:00.000,10.01,20.62,8.22564169033738,108.771009151003,29.2936
06/11/23 21:20:00.000,9.67,20.74,7.94723032780018,105.324657525557,29.299
06/11/23 21:30:00.000,9.62,20.76,7.90361967664614,104.82122147405,29.3576
06/11/23 21:40:00.000,10.16,20.72,8.35238409229652,110.618221931745,29.2447
06/11/23 21:50:00.000,9.75,20.6,8.00527744570496,105.904096113727,29.4316
06/11/23 22:00:00.000,10.1,20.56,8.29402564775637,109.619414531434,29.3945
06/11/23 22:10:00.000,10.41,20.6,8.55004063081508,113.072988773733,29.3746
06/11/23 22:20:00.000,10.06,20.6,8.26192862343279,109.271303272215,29.3879
06/11/23 22:30:00.000,10.25,20.62,8.41749931624045,111.378905474304,29.4018
06/11/23 22:40:00.000,10.06,20.64,8.26094358144035,109.357341894623,29.417
06/11/23 22:50:00.000,10.18,20.66,8.35967143467838,110.705340849525,29.4176
06/11/23 23:00:00.000,10.06,20.62,8.26073850861667,109.314320885024,29.4168
06/11/23 23:10:00.000,10.04,20.6,8.24411567753881,109.0540641007,29.4165
06/11/23 23:20:00.000,9.64,20.6,7.91698789179845,104.709280670393,29.3881
06/11/23 23:30:00.000,9.14,20.58,7.50530358287799,99.2392208719663,29.4075
06/11/23 23:40:00.000,9.18,20.52,7.53822215392407,99.5557921561172,29.3926
06/11/23 23:50:00.000,9.17,20.44,7.52415693201434,99.2905765510082,29.5069
06/12/23 00:00:00.000,8.87,20.38,7.27361243357625,95.9285506667351,29.5959
06/12/23 00:10:00.000,9.34,20.22,7.65453662034754,100.692454604941,29.6595
06/12/23 00:20:00.000,9.24,20.1,7.57110712314564,99.3777307325705,29.6656
06/12/23 00:30:00.000,8.73,20.14,7.16069675447353,93.9671126442363,29.4977
06/12/23 00:40:00.000,8.74,19.98,7.15783278766207,93.7764134358648,29.7233
06/12/23 00:50:00.000,8.49,20.2,6.96345578933851,91.4925475748092,29.5204
06/12/23 01:00:00.000,9.25,20.4,7.59178981814578,100.077748895257,29.4535
06/12/23 01:10:00.000,8.8,20.4,7.22347266509188,95.2091016517042,29.4297
06/12/23 01:20:00.000,9.09,20.44,7.46383905781128,98.4243555996363,29.3858
06/12/23 01:30:00.000,9,20.64,7.39664783828576,97.8346001045335,29.2758
06/12/23 01:40:00.000,9.46,20.66,7.77195980335508,102.875493559578,29.3401
06/12/23 01:50:00.000,8.89,20.64,7.30697079335747,96.6388438810336,29.2589
06/12/23 02:00:00.000,9.5,20.68,7.81377830860932,103.351117693547,29.1495
06/12/23 02:10:00.000,9.68,20.64,7.96316128559209,105.226547667987,29.1123
06/12/23 02:20:00.000,9.78,20.64,8.0433525911911,106.31359878026,29.1561
06/12/23 02:30:00.000,9.32,20.64,7.66414713653251,101.313163663806,29.1758
06/12/23 02:40:00.000,8.4,20.44,6.89445731907291,90.9531998940533,29.4552
06/12/23 02:50:00.000,8.45,20.26,6.92925679626657,91.1697239566326,29.5678
06/12/23 03:00:00.000,8.02,20.34,6.58793191033321,86.6673274795434,29.2948
06/12/23 03:10:00.000,7.15,19.7,5.83886818211487,76.2896651731521,30.145
06/12/23 03:20:00.000,7.88,19.6,6.43503445370233,83.9108399409973,30.1213
06/12/23 03:30:00.000,8.04,19.64,6.56834493726478,85.6831043543684,30.0624
06/12/23 03:40:00.000,8.15,19.64,6.6566237779476,86.8553856328485,30.1026
06/12/23 03:50:00.000,7.31,19.52,5.96383683477,77.7166322606526,30.2645
06/12/23 04:00:00.000,7.16,19.48,5.84240929819378,76.0609342962426,30.2279
06/12/23 04:10:00.000,8.16,19.5,6.65646039282688,86.7187085086818,30.2813
06/12/23 04:20:00.000,8.35,19.52,6.81131057101726,88.7734445111421,30.2894
06/12/23 04:30:00.000,8.38,19.52,6.83578234552391,89.0923910183678,30.2894
06/12/23 04:40:00.000,8.15,19.52,6.64816146269152,86.647134462971,30.2895
06/12/23 04:50:00.000,8.01,19.48,6.53394720619297,85.0905144850424,30.2806
06/12/23 05:00:00.000,7.98,19.46,6.50790230069661,84.7378537180481,30.3167
06/12/23 05:10:00.000,7.83,19.46,6.38704433591309,83.1450369188367,30.2779
06/12/23 05:20:00.000,7.82,19.54,6.38304992653949,83.1720194246497,30.1864
06/12/23 05:30:00.000,7.65,19.58,6.24426917178123,81.4290852142489,30.1961
06/12/23 05:40:00.000,7.76,19.6,6.33106286504787,82.6330098911345,30.2804
06/12/23 05:50:00.000,8.21,19.6,6.70143735819558,87.4248725781203,30.1989
06/12/23 06:00:00.000,8.09,19.58,6.60289188246326,86.1125881546763,30.2095
06/12/23 06:10:00.000,8.1,19.58,6.61003427110783,86.2190314033224,30.2355
06/12/23 06:20:00.000,8.09,19.58,6.60407469180691,86.1125881546763,30.1793
06/12/23 06:30:00.000,8.15,19.56,6.65149576863225,86.7165404957684,30.2142
06/12/23 06:40:00.000,7.82,19.52,6.38209186065058,83.1387228834888,30.2071
06/12/23 06:50:00.000,7.82,19.52,6.38184949617635,83.1387228834888,30.2135
06/12/23 07:00:00.000,7.78,19.5,6.34768732732241,82.6803372791108,30.2492
06/12/23 07:10:00.000,7.73,19.5,6.30689242161983,82.148972643641,30.2492
06/12/23 07:20:00.000,7.51,19.54,6.13293450472667,79.8749189103733,30.1061
06/12/23 07:30:00.000,7.32,19.52,5.97735571808444,77.8229477630611,30.1133
06/12/23 07:40:00.000,7.17,19.68,5.86562760284218,76.4725145192653,29.8402
06/12/23 07:50:00.000,7.03,19.78,5.75536794632473,75.1291102925242,29.7375
06/12/23 08:00:00.000,7.07,19.9,5.78587909511053,75.7374285022149,29.8299
06/12/23 08:10:00.000,7.23,19.92,5.92545294166335,77.4822605319491,29.5879
06/12/23 08:20:00.000,7.44,20.1,6.10192660763504,80.0184325379139,29.5071
06/12/23 08:30:00.000,7.81,20.06,6.41241769560681,83.9311907946217,29.3124
06/12/23 08:40:00.000,8.05,20.12,6.61404691508521,86.6134383064391,29.2085
06/12/23 08:50:00.000,8.21,20.12,6.74608391463914,88.3349476392379,29.194
06/12/23 09:00:00.000,8.26,20.12,6.78850340910178,88.8729193057375,29.1607
06/12/23 09:10:00.000,8.24,20.14,6.77258658946858,88.6928989906651,29.1521
06/12/23 09:20:00.000,7.93,20.1,6.51342005814291,85.288463713126,29.2569
06/12/23 09:30:00.000,8.13,20.1,6.67037205957279,87.4394968458656,29.4426
06/12/23 09:40:00.000,8.06,20.08,6.6200321972244,86.6522405796523,29.2567
06/12/23 09:50:00.000,8.08,20.12,6.63983657547053,86.9362213063389,29.1794
06/12/23 10:00:00.000,8.34,20.2,6.85638937247385,89.8760714692472,29.1255
06/12/23 10:10:00.000,8.04,20.08,6.60169787439579,86.4372226129534,29.3056
06/12/23 10:20:00.000,7.97,20.12,6.54911398566155,85.7526836400397,29.1879
06/12/23 10:30:00.000,8.05,20.08,6.60778885411958,86.5447315963028,29.3599
06/12/23 10:40:00.000,7.89,20.08,6.4763927015148,84.8245878627117,29.3615
06/12/23 10:50:00.000,7.95,20.08,6.52516865624254,85.4696417628084,29.3738
06/12/23 11:00:00.000,8.12,20,6.65925882701255,87.1587190518978,29.4942
06/12/23 11:10:00.000,7.81,19.98,6.40377774455683,83.7979163540165,29.5227
06/12/23 11:20:00.000,8.2,20.02,6.72615390028711,88.0524066670759,29.4663
06/12/23 11:30:00.000,7.94,20.06,6.51105867059308,85.3282528693081,29.5227
06/12/23 11:40:00.000,8.46,20.04,6.93868242928187,90.880405278251,29.4888
06/12/23 11:50:00.000,8.27,20.04,6.77884578982332,88.8393559871319,29.5887
06/12/23 12:00:00.000,8.46,20,6.93253532737034,90.8082220663862,29.6298
06/12/23 12:10:00.000,8.35,19.94,6.8375349178987,89.5206546563094,29.7365
06/12/23 12:20:00.000,8.37,19.88,6.84923287765026,89.6279990565283,29.8384
06/12/23 12:30:00.000,8.27,19.92,6.7714965955307,88.6277032640691,29.7452
06/12/23 12:40:00.000,7.97,19.82,6.51555876154216,85.2427666533544,29.9894
06/12/23 12:50:00.000,8.53,19.86,6.97884750420588,91.3049493997114,29.8657
06/12/23 13:00:00.000,8.68,20.02,7.10929114301395,93.2066938866121,29.7181
06/12/23 13:10:00.000,9.08,20.22,7.4519370766277,97.8894526566233,29.421
06/12/23 13:20:00.000,9.07,20.24,7.42935166394281,97.820370990261,29.7531
06/12/23 13:30:00.000,8.87,20.08,7.25870498572898,95.3604682309573,29.8762
06/12/23 13:40:00.000,8.96,19.96,7.32799835503748,96.0987010046694,29.9496
06/12/23 13:50:00.000,8.9,19.9,7.27715660385953,95.3413173507373,29.9771
06/12/23 14:00:00.000,8.97,19.88,7.3323902326352,96.0529452254551,30.0187
06/12/23 14:10:00.000,8.91,19.86,7.27904985436697,95.3724617996986,30.1138
06/12/23 14:20:00.000,8.99,19.88,7.34592158530961,96.2671100977526,30.0835
06/12/23 14:30:00.000,9.42,19.82,7.69015146281934,100.751174639222,30.2264
06/12/23 14:40:00.000,9.47,19.8,7.73252225770377,101.245580490751,30.1879
06/12/23 14:50:00.000,9.51,19.8,7.7661673986881,101.673228138019,30.1665
06/12/23 15:00:00.000,9.85,19.82,8.04327352319015,105.350219766065,30.1826
06/12/23 15:10:00.000,9.89,19.86,8.07949149716164,105.862362199665,30.1174
06/12/23 15:20:00.000,10,19.88,8.16789302282466,107.082436148779,30.1522
06/12/23 15:30:00.000,9.77,19.92,7.98319707090987,104.70286105078,30.0943
06/12/23 15:40:00.000,9.96,19.9,8.13814711392472,106.696575372286,30.096
06/12/23 15:50:00.000,9.98,19.9,8.1538422915727,106.910825523636,30.1094
06/12/23 16:00:00.000,9.86,19.9,8.0565627440595,105.625324615536,30.0934
06/12/23 16:10:00.000,9.63,20.02,7.88127667042433,103.407887341944,29.8491
06/12/23 16:20:00.000,9.7,20.18,7.9440569621694,104.490712034143,29.7681
06/12/23 16:30:00.000,9.71,20.16,7.9482378305246,104.556985545886,29.849
06/12/23 16:40:00.000,10.04,20.3,8.22630564731685,108.410489449003,29.7168
06/12/23 16:50:00.000,10,20.22,8.18822185580194,107.807767242977,29.8087
06/12/23 17:00:00.000,10.18,20.08,8.3278163994441,109.444145049735,29.9355
06/12/23 17:10:00.000,10.29,20.12,8.41746230387124,110.714568965622,29.9514
06/12/23 17:20:00.000,10.3,20.1,8.43191001486944,110.778206336091,29.821
06/12/23 17:30:00.000,10.3,20.06,8.42430895331285,110.690302840538,29.9646
06/12/23 17:40:00.000,10.1,20.12,8.26311639490421,108.670276632924,29.9293
06/12/23 17:50:00.000,9.79,20.08,8.00734540740867,105.251294699106,29.9657
06/12/23 18:00:00.000,10.14,20.06,8.28747874448045,108.97084182554,30.0864
06/12/23 18:10:00.000,9.82,20.08,8.03019821953846,105.573821649154,30.0012
06/12/23 18:20:00.000,9.7,20.08,7.92969843495756,104.283713848961,30.0518
06/12/23 18:30:00.000,9.53,20.06,7.79218638832492,102.415396705857,30.0155
06/12/23 18:40:00.000,9.39,20.04,7.67783629377085,100.870804440045,30.0083
06/12/23 18:50:00.000,9.23,20.04,7.54724695091412,99.1520260896285,30.003
06/12/23 19:00:00.000,9.21,20.06,7.53057904721426,98.9764746758599,30.0146
06/12/23 19:10:00.000,9.57,20.04,7.82299911252525,102.804430084263,30.0519
06/12/23 19:20:00.000,9.24,20.06,7.55447467500404,99.2988736161722,30.0288
06/12/23 19:30:00.000,9.22,20.06,7.53911642900062,99.0839409892974,30.0065
06/12/23 19:40:00.000,8.76,20.08,7.16402964227358,94.1778694141134,29.9862
06/12/23 19:50:00.000,9.36,20.08,7.65219783809388,100.62840841508,30.0419
06/12/23 20:00:00.000,8.97,20.1,7.3353945967909,96.473836003372,29.9994
06/12/23 20:10:00.000,9.19,20.14,7.51793954848136,98.9184152577928,29.9491
06/12/23 20:20:00.000,9.09,20.16,7.43718455845406,97.8808443472813,29.9297
06/12/23 20:30:00.000,9.68,20.24,7.92277100943067,104.399249303829,29.8865
06/12/23 20:40:00.000,9.32,20.26,7.62772694953819,100.55642926341,29.8998
06/12/23 20:50:00.000,8.6,20.28,7.03927074335443,92.8248465742341,29.8848
06/12/23 21:00:00.000,8.71,20.26,7.12945476439917,93.9749462322213,29.8768
06/12/23 21:10:00.000,8.96,20.24,7.33359516704274,96.6340158845356,29.8837
06/12/23 21:20:00.000,8.33,20.2,6.81876384071236,89.7683063955431,29.8545
06/12/23 21:30:00.000,8.04,20.22,6.58493527438745,86.6774448633537,29.7674
06/12/23 21:40:00.000,7.8,20.22,6.4433719076796,84.0900584495223,28.3147
06/12/23 21:50:00.000,8.1,20.2,6.62937135031793,87.289709700348,29.8831
06/12/23 22:00:00.000,7.72,20.2,6.31893074833625,83.1946368995909,29.8679
06/12/23 22:10:00.000,7.69,20.18,6.29388067367638,82.8385129425322,29.8767
06/12/23 22:20:00.000,8.02,20.18,6.56458537980315,86.3933515993639,29.8608
06/12/23 22:30:00.000,8.55,20.18,6.99687602394835,92.1026379270027,29.8978
06/12/23 22:40:00.000,8.31,20.12,6.79677195433864,89.4108909722372,29.9764
06/12/23 22:50:00.000,8.07,20.1,6.60147232039223,86.7941869060437,29.9463
06/12/23 23:00:00.000,8.59,20.16,7.02850935729502,92.496859509697,29.9198
06/12/23 23:10:00.000,8.35,20.14,6.8321679863993,89.8769061373852,29.9145
06/12/23 23:20:00.000,8.17,20.16,6.68593072309977,87.9743122461263,29.8926
06/12/23 23:30:00.000,7.79,20.16,6.37472758439335,83.8824837695623,29.8987
06/12/23 23:40:00.000,7.83,20.16,6.40822476567159,84.313202556569,29.8785
06/12/23 23:50:00.000,8.63,20.24,7.06516792537144,93.0749505673597,29.8436
06/13/23 00:00:00.000,8.79,20.3,7.19704373497002,94.9131675554522,29.8362
06/13/23 00:10:00.000,9.19,20.36,7.52679050417239,99.3500724771944,29.7993
06/13/23 00:20:00.000,8.83,20.38,7.23367838239123,95.4959529185198,29.7631
06/13/23 00:30:00.000,8.87,20.36,7.26792153361447,95.8906575487176,29.7242
06/13/23 00:40:00.000,8.43,20.34,6.90835945138373,91.0979514529365,29.696
06/13/23 00:50:00.000,8.74,20.32,7.15998450037252,94.4106035813887,29.7488
06/13/23 01:00:00.000,8.81,20.36,7.22181927190002,95.2420172496281,29.6523
06/13/23 01:10:00.000,8.59,20.34,7.03525459680333,92.8269754425533,29.7978
06/13/23 01:20:00.000,8.93,20.32,7.31180611484679,96.4630080070711,29.8376
06/13/23 01:30:00.000,8.96,20.34,7.33611892622639,96.8253434185422,29.8479
06/13/23 01:40:00.000,8.72,20.24,7.13681843539895,94.0456047447713,29.8918
06/13/23 01:50:00.000,8.66,20.12,7.08092545895172,93.1766926377345,30.0269
06/13/23 02:00:00.000,7.94,20,6.4914417667788,85.2266292206981,30.0197
06/13/23 02:10:00.000,7.86,19.92,6.42403056473559,84.233826802368,30.0543
06/13/23 02:20:00.000,7.79,19.88,6.36500298561894,83.4172177598991,30.0934
06/13/23 02:30:00.000,7.59,19.84,6.20112475800121,81.2108499259378,30.0969
06/13/23 02:40:00.000,7.49,19.78,6.11734372997637,80.0450975947377,30.1406
06/13/23 02:50:00.000,6.28,19.72,5.12889313677115,67.0336252832066,30.1335
06/13/23 03:00:00.000,6.2,19.7,5.0628314975231,66.1532760942018,30.1531
06/13/23 03:10:00.000,5.89,19.68,4.80866719895237,62.8205175060631,30.1844
06/13/23 03:20:00.000,5.57,19.66,4.54632679715927,59.3837887356535,30.2202
06/13/23 03:30:00.000,6.57,19.66,5.36257206527814,70.0451511657529,30.2193
06/13/23 03:40:00.000,6.96,19.66,5.68137981286502,74.2030825134917,30.205
06/13/23 03:50:00.000,7.67,19.64,6.25937996237103,81.7399764176623,30.2426
06/13/23 04:00:00.000,7.48,19.66,6.10549242391146,79.7469909771433,30.2149
06/13/23 04:10:00.000,8.31,19.64,6.78167503093915,88.5605220379106,30.2426
06/13/23 04:20:00.000,8.38,19.64,6.83785240341293,89.3065192151252,30.266
06/13/23 04:30:00.000,7.87,19.6,6.42005723614117,83.8043541035088,30.3001
06/13/23 04:40:00.000,7.61,19.56,6.20738719533694,80.9709046837789,30.3064
06/13/23 04:50:00.000,7.3,19.54,5.95353425336403,77.6413992071538,30.3298
06/13/23 05:00:00.000,7.72,19.48,6.29112557338259,82.0098341853342,30.4482
06/13/23 05:10:00.000,8.12,19.62,6.62699983333046,86.5010849262465,30.2283
06/13/23 05:20:00.000,7.86,19.64,6.41163047545824,83.7648258986735,30.3164
06/13/23 05:30:00.000,7.73,19.68,6.57211735024132,82.4452632125412,23.3364
06/13/23 05:40:00.000,7.47,19.68,6.09827662662704,79.6722013192345,30.1933
06/13/23 05:50:00.000,7.5,19.64,6.12070702098996,79.9282689872839,30.2409
06/13/23 06:00:00.000,7.08,19.58,5.77612114873624,75.3618200414225,30.2804
06/13/23 06:10:00.000,7.77,19.52,6.33717420290837,82.607145371446,30.3164
06/13/23 06:20:00.000,7.91,19.46,6.44885113941111,83.9945392117494,30.368
06/13/23 06:30:00.000,7.92,19.4,6.45541684585719,83.999600208865,30.3955
06/13/23 06:40:00.000,7.56,19.5,6.16515577233377,80.3423328830434,30.3321
06/13/23 06:50:00.000,6.98,19.54,5.69355045191416,74.2379406117717,30.3004
06/13/23 07:00:00.000,6.66,19.56,5.43453335856926,70.8628416812046,30.2428
06/13/23 07:10:00.000,6.73,19.54,5.48989380500287,71.5789885841295,30.2922
06/13/23 07:20:00.000,6.13,19.54,5.00013561578224,65.1975037177881,30.3029
06/13/23 07:30:00.000,6.9,19.52,5.62933983035746,73.3576966619019,30.2645
06/13/23 07:40:00.000,7.5,19.5,6.11704637093251,79.7046953204796,30.3095
06/13/23 07:50:00.000,7.4,19.5,6.03491266734599,78.6419660495399,30.3255
06/13/23 08:00:00.000,7.75,19.46,6.32108165448623,82.2955346259239,30.2967
06/13/23 08:10:00.000,7.78,19.52,6.34674604806881,82.7134608738545,30.2788
06/13/23 08:20:00.000,7.41,19.54,6.04524247309484,78.8113380993164,30.2741
06/13/23 08:30:00.000,7.34,19.56,5.9888386411946,78.0980867777841,30.2589
06/13/23 08:40:00.000,7.89,19.5,6.43708846692276,83.8493394771446,30.2583
06/13/23 08:50:00.000,7.36,19.5,6.00338522784326,78.216874341164,30.2948
06/13/23 09:00:00.000,7.62,19.52,6.21672338145289,81.0124128353177,30.2652
06/13/23 09:10:00.000,7.68,19.48,6.26264285293666,81.5849127646848,30.3375
06/13/23 09:20:00.000,7.27,19.48,5.9316634832831,77.2294682030285,30.2422
06/13/23 09:30:00.000,7.48,19.54,6.10513481591804,79.5558446670562,30.1972
06/13/23 09:40:00.000,7.6,19.58,6.20289404251274,80.8968689710185,30.2114
06/13/23 09:50:00.000,7.55,19.62,6.16268094032388,80.4289644326553,30.2043
06/13/23 10:00:00.000,7.68,19.64,6.27001221660337,81.8465474429787,30.1761
06/13/23 10:10:00.000,7.52,19.56,6.13493595689122,80.0132987151139,30.28
06/13/23 10:20:00.000,7.27,19.56,5.93304404366115,77.3532821354891,30.2214
06/13/23 10:30:00.000,7.5,19.62,6.12504539402288,79.8963222840946,30.1168
06/13/23 10:40:00.000,7.69,19.66,6.28075531676525,81.9858770874642,30.1114
06/13/23 10:50:00.000,7.82,19.7,6.38909923001705,83.4384869446223,30.0633
06/13/23 11:00:00.000,7.98,19.8,6.52495647828481,85.3157056300094,29.9532
06/13/23 11:10:00.000,7.97,19.82,6.51835586819078,85.2427666533544,29.9169
06/13/23 11:20:00.000,8.23,19.92,6.7306014494031,88.1990323897568,29.9496
06/13/23 11:30:00.000,8.2,19.94,6.70554505618044,87.9124991834416,29.9673
06/13/23 11:40:00.000,8.34,19.94,6.8182028821474,89.4134442914516,30.0126
06/13/23 11:50:00.000,8.27,19.94,6.75984015456543,88.6629717374466,30.041
06/13/23 12:00:00.000,8.44,19.94,6.90325015883426,90.4855479400301,29.9319
06/13/23 12:10:00.000,8.5,19.98,6.95138284449301,91.2013174147426,29.9639
06/13/23 12:20:00.000,8.66,20.02,7.08819940675764,92.9919319191314,29.8305
06/13/23 12:30:00.000,8.79,20.08,7.19835630537964,94.5003963641617,29.7558
06/13/23 12:40:00.000,8.77,20.14,7.18020091547672,94.397660697589,29.8112
06/13/23 12:50:00.000,8.77,20.14,7.18172759553843,94.397660697589,29.7752
06/13/23 13:00:00.000,9,20.22,7.3719923811521,97.0269905186796,29.7491
06/13/23 13:10:00.000,9.07,20.26,7.43163979693203,97.8591001522672,29.7054
06/13/23 13:20:00.000,9.04,20.34,7.41004383194952,97.6898554133507,29.655
06/13/23 13:30:00.000,9.04,20.46,7.41269058873497,97.9215990769785,29.6212
06/13/23 13:40:00.000,9.05,20.5,7.42503559028872,98.1072772062584,29.5353
06/13/23 13:50:00.000,8.96,20.56,7.35288901024748,97.246530118975,29.5095
06/13/23 14:00:00.000,9.09,20.66,7.46368324835455,98.8518220355779,29.438
06/13/23 14:10:00.000,9.15,20.68,7.51071392006939,99.5434449364164,29.493
06/13/23 14:20:00.000,9.09,20.7,7.46259227172754,98.929583104618,29.4717
06/13/23 14:30:00.000,9.19,20.72,7.54327953763189,100.057230270939,29.5079
06/13/23 14:40:00.000,9.23,20.72,7.57572902071531,100.492735081694,29.5165
06/13/23 14:50:00.000,9.45,20.76,7.75989489202697,102.968871406422,29.4465
06/13/23 15:00:00.000,9.64,20.88,7.92168453009085,105.286680033569,29.3489
06/13/23 15:10:00.000,9.75,20.94,8.01278661820075,106.613308337779,29.347
06/13/23 15:20:00.000,9.5,20.94,7.80656985823268,103.879633765015,29.3636
06/13/23 15:30:00.000,9.52,20.88,7.80851076108933,103.976057460537,29.6662
06/13/23 15:40:00.000,9.91,20.72,8.13247702627669,107.896316864527,29.5453
06/13/23 15:50:00.000,9.58,20.74,7.8601999877741,104.34438666958,29.5815
06/13/23 16:00:00.000,9.75,20.74,7.99975686151045,106.196009397537,29.5799
06/13/23 16:10:00.000,9.66,20.7,7.92315064705742,105.133088315799,29.6303
06/13/23 16:20:00.000,9.57,20.76,7.85442956189465,104.27641263063,29.5332
06/13/23 16:30:00.000,9.78,20.76,8.02288765570908,106.564609772995,29.6158
06/13/23 16:40:00.000,9.84,20.68,8.06654218366114,107.049999800474,29.7153
06/13/23 16:50:00.000,9.6,20.36,7.85456365416762,103.782447854305,29.9725
06/13/23 17:00:00.000,9.87,20.32,8.07665751795127,106.617008849921,29.9386
06/13/23 17:10:00.000,9.98,20.4,8.16936965490927,107.97577664591,29.9006
06/13/23 17:20:00.000,9.8,20.44,8.02511392869815,106.112066543062,29.8443
06/13/23 17:30:00.000,10.02,20.42,8.20504256102639,108.451358033562,29.8445
06/13/23 17:40:00.000,10.22,20.5,8.37358725978824,110.790759452813,29.7657
06/13/23 17:50:00.000,10.21,20.52,8.3655209525383,110.725995415464,29.7676
06/13/23 18:00:00.000,10.18,20.56,8.33898923502616,110.487687121782,29.8163
06/13/23 18:10:00.000,10.11,20.52,8.28358636926172,109.641509662129,29.7676
06/13/23 18:20:00.000,10.21,20.64,8.3728013339752,110.987918563032,29.6466
06/13/23 18:30:00.000,10.07,20.54,8.25034996910567,109.250762135666,29.7816
06/13/23 18:40:00.000,10.45,20.82,8.57051980465619,113.999199448868,29.6687
06/13/23 18:50:00.000,10.16,20.92,8.33518402520176,111.053034495842,29.6397
06/13/23 19:00:00.000,10.15,20.9,8.33055810617253,110.900276433065,29.5621
06/13/23 19:10:00.000,10.03,20.72,8.22742578687451,109.202831296792,29.6182
06/13/23 19:20:00.000,10.23,20.74,8.38546792367417,111.424120629416,29.7446
06/13/23 19:30:00.000,9.92,20.8,8.13597435669815,108.17496940614,29.6615
06/13/23 19:40:00.000,9.91,20.8,8.12475485790489,108.065922057948,29.7247
06/13/23 19:50:00.000,10.04,20.98,8.24173669048629,109.870353745804,29.5496
06/13/23 20:00:00.000,9.81,21.02,8.05487566108499,107.437429856083,29.5173
06/13/23 20:10:00.000,9.78,21.04,8.02184025271597,107.150764728198,29.7002
06/13/23 20:20:00.000,9.87,21.1,8.10391513411972,108.263660319437,29.5397
06/13/23 20:30:00.000,9.78,21.2,8.04003881586662,107.486001492363,29.3489
06/13/23 20:40:00.000,10.03,21.16,8.23897513154857,110.147626744827,29.4765
06/13/23 20:50:00.000,9.72,21.12,7.9883851161408,106.659961803812,29.3811
06/13/23 21:00:00.000,9.43,21.16,7.7550401181505,103.558536411138,29.28
06/13/23 21:10:00.000,9.95,21.24,8.1849337885312,109.439667253935,29.2504
06/13/23 21:20:00.000,9.93,21.22,8.16859835254645,109.177122228755,29.2436
06/13/23 21:30:00.000,9.98,21.28,8.21273300914407,109.855206490081,29.1942
06/13/23 21:40:00.000,9.63,21.26,7.92323345568315,105.961282644327,29.2217
06/13/23 21:50:00.000,9.68,21.26,7.96698845518062,106.511445067195,29.1656
06/13/23 22:00:00.000,9.62,21.3,7.91800923348861,105.933740361443,29.1656
06/13/23 22:10:00.000,9.61,21.3,7.91087589624847,105.823622128219,29.1419
06/13/23 22:20:00.000,9.47,21.28,7.7969644883261,104.241363272652,29.1083
06/13/23 22:30:00.000,9.33,21.24,7.6810016625804,102.620311103438,29.1151
06/13/23 22:40:00.000,9.37,21.2,7.7138650093228,102.979942125096,29.1079
06/13/23 22:50:00.000,9.12,21.18,7.50620297607485,100.193257467015,29.1456
06/13/23 23:00:00.000,9.24,21.14,7.6057622931172,101.432395603653,29.1191
06/13/23 23:10:00.000,9.42,21.12,7.75600171997842,103.367987674065,29.0691
06/13/23 23:20:00.000,9.54,21.1,7.85326914294074,104.643902679577,29.0981
06/13/23 23:30:00.000,9.33,21.1,7.67981762053675,102.340420545121,29.111
06/13/23 23:40:00.000,9.36,21.08,7.71009492829103,102.629389162307,28.9831
06/13/23 23:50:00.000,9.49,21.06,7.81823719420503,104.014143348963,28.9557
06/14/23 00:00:00.000,9.38,21.04,7.72839319619298,102.768320363036,28.9342
06/14/23 00:10:00.000,9.36,21.02,7.70915464209367,102.509107385621,28.9909
06/14/23 00:20:00.000,9.36,20.98,7.70951337658036,102.428935364614,28.9743
06/14/23 00:30:00.000,9.16,20.92,7.54272521893431,100.122617714755,29.0077
06/14/23 00:40:00.000,9.15,20.88,7.53504892219606,99.9349711936881,28.9864
06/14/23 00:50:00.000,9.12,20.88,7.50989402591649,99.6073155504301,28.9966
06/14/23 01:00:00.000,8.96,20.86,7.37710408441838,97.8214655429442,29.0162
06/14/23 01:10:00.000,8.99,20.84,7.40048057798868,98.1105141511779,29.0423
06/14/23 01:20:00.000,9.02,20.82,7.42465058057711,98.39930899797,29.05
06/14/23 01:30:00.000,8.8,20.8,7.24312938141476,95.9616664086724,29.0558
06/14/23 01:40:00.000,8.86,20.78,7.29375053889632,96.578037279338,29.0226
06/14/23 01:50:00.000,8.83,20.74,7.26961341230065,96.1754628697695,29.0008
06/14/23 02:00:00.000,8.73,20.7,7.18605922952239,95.011579813346,29.0211
06/14/23 02:10:00.000,8.62,20.66,7.09319679096922,93.7406717213072,29.0679
06/14/23 02:20:00.000,8.54,20.62,7.02637723202842,92.7976441707859,29.0831
06/14/23 02:30:00.000,8.52,20.6,6.99884384080181,92.5438870655339,29.3475
06/14/23 02:40:00.000,8,20.52,6.56528145698933,86.7588602667688,29.4954
06/14/23 02:50:00.000,7.84,20.42,6.43290703909048,84.8561523935254,29.5014
06/14/23 03:00:00.000,7.7,20.4,6.3168368717683,83.3079639452412,29.5291
06/14/23 03:10:00.000,7.67,20.36,6.29141721811063,82.9178515669294,29.542
06/14/23 03:20:00.000,7.78,20.34,6.38108349207261,84.0737914951182,29.5525
06/14/23 03:30:00.000,7.88,20.32,6.46346633750891,85.120773023037,29.5385
06/14/23 03:40:00.000,7.82,20.3,6.4128012133684,84.4392457660564,29.5724
06/14/23 03:50:00.000,7.96,20.3,6.52841312467051,85.9509458181342,29.5515
06/14/23 04:00:00.000,6.94,20.26,5.68775483597474,74.877856125329,29.6648
06/14/23 04:10:00.000,6.05,20.22,4.95698608744322,65.2236991820013,29.7023
06/14/23 04:20:00.000,5.1,20.12,4.17641961008165,54.8731099829614,29.7689
06/14/23 04:30:00.000,5.4,20.08,4.42107507552499,58.0548510087,29.7988
06/14/23 04:40:00.000,5.81,20.08,4.75773866034414,62.4627193260273,29.7636
06/14/23 04:50:00.000,6.18,20.08,5.05899028311921,66.4405517099567,29.8217
06/14/23 05:00:00.000,6.68,20.06,5.46587038306021,71.7874973761937,29.8922
06/14/23 05:10:00.000,6.97,20.02,5.6994255574663,74.8445456670146,29.994
06/14/23 05:20:00.000,7.39,19.94,6.04139542169958,79.2284596299553,30.0169
06/14/23 05:30:00.000,7.67,19.86,6.26725224566388,82.0995265997405,30.0808
06/14/23 05:40:00.000,7.54,19.8,6.15912770774986,80.6115815100591,30.1192
06/14/23 05:50:00.000,7.46,19.76,6.09274149937646,79.6926957590727,30.1388
06/14/23 06:00:00.000,7.5,19.68,6.12260440763267,79.9921699992315,30.1978
06/14/23 06:10:00.000,7.67,19.64,6.25944304679907,81.7399764176623,30.2409
06/14/23 06:20:00.000,7.77,19.58,6.33884894352403,82.7064041980018,30.2857
06/14/23 06:30:00.000,7.66,19.58,6.25050354893163,81.535528462895,30.2481
06/14/23 06:40:00.000,7.44,19.62,6.07108619653137,79.2571517058219,30.2545
06/14/23 06:50:00.000,6.94,19.78,5.66787105514269,74.1672866899172,30.1486
06/14/23 07:00:00.000,6.71,19.86,5.48518714048861,71.823705799773,30.008
06/14/23 07:10:00.000,6.64,19.88,5.42853481188152,71.1027376027895,29.9948
06/14/23 07:20:00.000,6.68,19.84,5.45818615421115,71.4741077082035,30.0801
06/14/23 07:30:00.000,6.69,19.84,5.46658683028973,71.5811048754313,30.073
06/14/23 07:40:00.000,6.64,19.82,5.42495434782725,71.0178131214897,30.0926
06/14/23 07:50:00.000,6.69,19.78,5.46663574110099,71.4955544604533,30.0578
06/14/23 08:00:00.000,6.63,19.78,5.41711998015,70.854338725382,30.073
06/14/23 08:10:00.000,6.61,19.8,5.40024362848731,70.668773711073,30.0943
06/14/23 08:20:00.000,6.64,19.82,5.42644155248164,71.0178131214897,30.0463
06/14/23 08:30:00.000,6.52,19.86,5.32981209707454,69.7899495997794,30.0098
06/14/23 08:40:00.000,6.63,19.94,5.42167850274102,71.0804719007583,29.9673
06/14/23 08:50:00.000,6.68,19.92,5.45969910631499,71.5880360101549,30.0515
06/14/23 09:00:00.000,6.82,19.94,5.58136054842688,73.1174688330575,29.8367
06/14/23 09:10:00.000,6.81,19.98,5.57278267105568,73.0683495993409,29.8577
06/14/23 09:20:00.000,7.04,20.06,5.76194300121998,75.6562846599407,29.848
06/14/23 09:30:00.000,7.23,20.16,5.92565180576955,77.8524207514679,29.636
06/14/23 09:40:00.000,7.52,20.22,6.16436426920591,81.0714409667189,29.6211
06/14/23 09:50:00.000,7.56,20.32,6.19825575359751,81.6640918850456,29.6133
06/14/23 10:00:00.000,7.69,20.42,6.30950869582252,83.2326290696697,29.51
06/14/23 10:10:00.000,7.53,20.46,6.17771432679467,81.5652257798283,29.5331
06/14/23 10:20:00.000,7.94,20.52,6.51674403772856,86.108168814768,29.4771
06/14/23 10:30:00.000,7.97,20.66,6.5439692779252,86.6720595845496,29.4405
06/14/23 10:40:00.000,8.02,20.68,6.58809183729436,87.2501014633945,29.3657
06/14/23 10:50:00.000,8.01,20.7,6.58000528175632,87.175573230802,29.3668
06/14/23 11:00:00.000,8.03,20.76,6.59996864861306,87.4963002532874,29.2889
06/14/23 11:10:00.000,8.1,20.86,6.65858423240483,88.4323516627063,29.2832
06/14/23 11:20:00.000,8.21,20.96,6.75101901067829,89.8090269420623,29.2544
06/14/23 11:30:00.000,8.35,21.04,6.86960431136131,91.4835261227456,29.1859
06/14/23 11:40:00.000,8.37,21.12,6.88359850776518,91.8460782199495,29.2643
06/14/23 11:50:00.000,8.51,21.16,7.00387045958783,93.4552645661491,29.1479
06/14/23 12:00:00.000,8.57,21.18,7.05017955509246,94.1509009311756,29.2266
06/14/23 12:10:00.000,8.75,21.24,7.20039059196967,96.2409134142644,29.1891
06/14/23 12:20:00.000,9.45,21.44,7.78119335226004,104.345444970814,29.1277
06/14/23 12:30:00.000,9.66,21.5,7.96472957010813,106.788575797155,28.9124
06/14/23 12:40:00.000,9.73,21.58,8.02542987214376,107.729444572915,28.8659
06/14/23 12:50:00.000,9.56,21.68,7.88056530972128,106.052447236638,28.9883
06/14/23 13:00:00.000,9.47,21.8,7.81250975184238,105.29810124167,28.8794
06/14/23 13:10:00.000,9.43,21.88,7.77810065537132,105.01541709618,28.9276
06/14/23 13:20:00.000,9.37,21.9,7.73221411099024,104.387508777925,28.8519
06/14/23 13:30:00.000,9.32,22.02,7.69604167534717,104.070877980343,28.7639
06/14/23 13:40:00.000,9.24,22.1,7.6352877777422,103.336519614311,28.6614
06/14/23 13:50:00.000,9.43,22.16,7.7949911253161,105.583105440086,28.6145
06/14/23 14:00:00.000,9.25,22.22,7.64826076948904,103.68713949065,28.5808
06/14/23 14:10:00.000,9.4,22.26,7.77287914597648,105.449463650706,28.5761
06/14/23 14:20:00.000,9.7,22.32,8.02330393045184,108.940137047391,28.5382
06/14/23 14:30:00.000,9.62,22.38,7.96026976009841,108.165923276506,28.4829
06/14/23 14:40:00.000,9.34,22.42,7.72768388439122,105.098088692019,28.5112
06/14/23 14:50:00.000,9.35,22.46,7.73535496846285,105.29115832833,28.533
06/14/23 15:00:00.000,9.3,22.48,7.69562752066872,104.768165902127,28.5005
06/14/23 15:10:00.000,9.35,22.5,7.73913348146224,105.371716112364,28.4572
06/14/23 15:20:00.000,9.38,22.5,7.76352352324393,105.709807180104,28.467
06/14/23 15:30:00.000,9.43,22.5,7.80490691089448,106.273292293005,28.467
06/14/23 15:40:00.000,9.4,22.52,7.77876720094492,105.975700366616,28.5002
06/14/23 15:50:00.000,9.37,22.48,7.75180172550907,105.556743494939,28.5394
06/14/23 16:00:00.000,9.59,22.42,7.93366640844753,107.911206697694,28.5299
06/14/23 16:10:00.000,9.61,22.38,7.94705130773573,108.053484686822,28.59
06/14/23 16:20:00.000,9.58,22.26,7.89794462400862,107.468708699337,29.0933
06/14/23 16:30:00.000,9.66,22.36,7.98404853018518,108.57408156229,28.6796
06/14/23 16:40:00.000,9.37,21.96,7.71571048614951,104.50833906592,29.2315
06/14/23 16:50:00.000,10.11,21.32,8.30807739759117,111.372884871448,29.442
06/14/23 17:00:00.000,10.21,21.24,8.39044866428764,112.29939725253,29.4205
06/14/23 17:10:00.000,10.31,21.3,8.47520477807928,113.531898453896,29.3817
06/14/23 17:20:00.000,10.18,21.34,8.36848455580231,112.187667348418,29.3875
06/14/23 17:30:00.000,10.24,21.32,8.41648847946353,112.804979335671,29.4099
06/14/23 17:40:00.000,10.17,21.3,8.36027616365811,111.990243188761,29.3785
06/14/23 17:50:00.000,10.04,21.22,8.24967747129624,110.386536472981,29.4382
06/14/23 18:00:00.000,9.94,21.28,8.17323865784507,109.414905061263,29.3316
06/14/23 18:10:00.000,10.06,21.4,8.26774032483564,110.994660153818,29.444
06/14/23 18:20:00.000,10,21.32,8.22169054995678,110.161112632491,29.3587
06/14/23 18:30:00.000,10.09,21.28,8.29022114453532,111.066035419331,29.4625
06/14/23 18:40:00.000,10.1,21.24,8.30035831080178,111.089511483894,29.4142
06/14/23 18:50:00.000,10.08,21.22,8.2817490941452,110.826323470881,29.4546
06/14/23 19:00:00.000,9.8,21.2,8.05215842792251,107.705809266376,29.4405
06/14/23 19:10:00.000,9.68,21.22,7.95432890111169,106.428453491878,29.4284
06/14/23 19:20:00.000,9.73,21.18,7.99123393577409,106.894780170401,29.5089
06/14/23 19:30:00.000,8.29,21.06,6.80780460192195,90.8616700066284,29.5015
06/14/23 19:40:00.000,9.74,21.08,7.9983907190944,106.795966927443,29.5094
06/14/23 19:50:00.000,9.52,21.04,7.81828757209385,104.302175890843,29.4884
06/14/23 20:00:00.000,8.97,20.96,7.3626185253141,98.122651847783,29.5629
06/14/23 20:10:00.000,9.64,21.66,7.95531681384645,106.898520753993,28.7943
06/14/23 20:20:00.000,9.59,21.96,7.92113432339111,106.962110100553,28.7048
06/14/23 20:30:00.000,9.4,21.54,7.74708407272953,103.995029375848,28.9933
06/14/23 20:40:00.000,9.18,21.44,7.5621363305515,101.364146543076,29.0539
06/14/23 20:50:00.000,9.02,21.72,7.42919611915176,100.139510939131,29.1406
06/14/23 21:00:00.000,9.18,22,7.57044652059002,102.468108942292,28.9861
06/14/23 21:10:00.000,9.26,22.12,7.64900257496438,103.60002413756,28.7288
06/14/23 21:20:00.000,9.37,22.22,7.74528829453457,105.032269948907,28.6295
06/14/23 21:30:00.000,9.11,22.2,7.53303286955441,102.078617858784,28.5645
06/14/23 21:40:00.000,9.16,22.2,7.55940085309986,102.638873719699,28.9049
06/14/23 21:50:00.000,8.78,22.12,7.24519280539824,98.2298285019193,28.9023
06/14/23 22:00:00.000,8.77,22.14,7.2532494581329,98.1556770675438,28.5196
06/14/23 22:10:00.000,8.95,21.94,7.38607059829814,99.7853926357736,28.8501
06/14/23 22:20:00.000,8.97,21.94,7.41803916848152,100.008376753395,28.4919
06/14/23 22:30:00.000,8.81,22.04,7.27593749104973,98.4138969943419,28.7438
06/14/23 22:40:00.000,9.18,21.98,7.58791406952218,102.428639490043,28.5861
06/14/23 22:50:00.000,9.15,21.98,7.56044381361425,102.093905374062,28.6468
06/14/23 23:00:00.000,9.17,21.98,7.57644427540846,102.317061451383,28.6587
06/14/23 23:10:00.000,9,21.96,7.44580194088386,100.381542325857,28.428
06/14/23 23:20:00.000,8.72,21.94,7.20695509976655,97.2210752831225,28.5952
06/14/23 23:30:00.000,8.67,21.92,7.17533461686115,96.6263471630466,28.3587
06/14/23 23:40:00.000,8.52,21.88,7.04449518145425,94.8813736648412,28.5134
06/14/23 23:50:00.000,8.51,21.86,7.0380393100218,94.7334391890802,28.465
06/15/23 00:00:00.000,8.79,21.82,7.26980216777516,97.7748628014475,28.452
06/15/23 00:10:00.000,8.85,21.8,7.31386963311793,98.4042445605895,28.578
06/15/23 00:20:00.000,8.62,21.76,7.12159111232597,95.7727843875781,28.6225
06/15/23 00:30:00.000,8.61,21.72,7.11876132323916,95.587714987352,28.4832
06/15/23 00:40:00.000,8.44,21.7,6.9774793425988,93.6641374177692,28.4968
06/15/23 00:50:00.000,8.53,21.68,7.05013777264406,94.6262944485898,28.535
06/15/23 01:00:00.000,8.51,21.64,7.03134672380256,94.3313455349442,28.5816
06/15/23 01:10:00.000,8.43,21.62,6.96533901385055,93.408371254112,28.5751
06/15/23 01:20:00.000,8.48,21.56,7.00008421859502,93.8531887238286,28.7229
06/15/23 01:30:00.000,8.46,21.52,6.98822315467271,93.5592188863948,28.6005
06/15/23 01:40:00.000,8.31,21.46,6.86378275703458,91.7933930145014,28.6011
06/15/23 01:50:00.000,8.41,21.46,6.9447348724525,92.8980066488516,28.6416
06/15/23 02:00:00.000,8.23,21.44,6.79594273176833,90.8743928158514,28.6412
06/15/23 02:10:00.000,8.27,21.42,6.82908226052179,91.280588559452,28.6342
06/15/23 02:20:00.000,8.2,21.38,6.77043419658462,90.4376123825496,28.647
06/15/23 02:30:00.000,8.21,21.34,6.77890389513646,90.4774802485765,28.6331
06/15/23 02:40:00.000,8.2,21.32,6.76941224530008,90.3321123586426,28.66
06/15/23 02:50:00.000,8.13,21.28,6.71187059570265,89.4912654072506,28.6452
06/15/23 03:00:00.000,8.09,21.26,6.67866136726502,89.0162800200004,28.6457
06/15/23 03:10:00.000,8.02,21.22,6.61849497764341,88.1772930790144,28.6985
06/15/23 03:20:00.000,7.95,21.2,6.55737412500434,87.3735901701721,28.7815
06/15/23 03:30:00.000,8.01,21.14,6.60768531827161,87.9300312538157,28.7474
06/15/23 03:40:00.000,8.06,21.1,6.64062364802124,88.409838112934,28.9521
06/15/23 03:50:00.000,7.82,21.04,6.4475762050125,85.6767873389066,28.8151
06/15/23 04:00:00.000,7.62,21,6.27962487956816,83.4202917540332,28.8893
06/15/23 04:10:00.000,7.58,20.96,6.24837893965083,82.9174694544253,28.8338
06/15/23 04:20:00.000,7.97,20.94,6.57025822273499,87.1495453797021,28.8193
06/15/23 04:30:00.000,7.97,20.88,6.57076974990274,87.0471825588736,28.7931
06/15/23 04:40:00.000,7.86,20.88,6.47825542814321,85.8457785335943,28.8411
06/15/23 04:50:00.000,8,20.88,6.59305572462954,87.3748382021316,28.8563
06/15/23 05:00:00.000,7.93,20.74,6.52692180129959,86.3727543099969,29.046
06/15/23 05:10:00.000,7.24,20.72,5.95616640866174,78.8263707466372,29.1227
06/15/23 05:20:00.000,7.2,20.6,5.91457509114975,78.2061017455217,29.3458
06/15/23 05:30:00.000,7.15,20.54,5.8754649354983,77.5712958560089,29.2758
06/15/23 05:40:00.000,7.15,20.52,5.87338250020602,77.5407313634246,29.3316
06/15/23 05:50:00.000,6.95,20.48,5.70905420521888,75.3123478116256,29.3239
06/15/23 06:00:00.000,6.97,20.46,5.72300753160999,75.4992860139978,29.3929
06/15/23 06:10:00.000,6.83,20.44,5.61061519633307,73.9536137233791,29.311
06/15/23 06:20:00.000,6.77,20.44,5.55810721195934,73.3039480098501,29.4093
06/15/23 06:30:00.000,6.89,20.42,5.65817866236274,74.5738380091059,29.3583
06/15/23 06:40:00.000,7.09,20.42,5.82090900075239,76.7385357742468,29.4024
06/15/23 06:50:00.000,7.13,20.4,5.85362735543862,77.141010770074,29.4015
06/15/23 07:00:00.000,7.17,20.4,5.88673391951027,77.5737794139454,29.3938
06/15/23 07:10:00.000,7.21,20.4,5.91912479782847,78.0065480578167,29.4067
06/15/23 07:20:00.000,7.4,20.4,6.07451295504054,80.0621991162058,29.4233
06/15/23 07:30:00.000,6.13,20.4,5.04096824239626,66.3217946732894,29.121
06/15/23 07:40:00.000,7.07,20.4,5.80463163332463,76.4918578042669,29.3938
06/15/23 07:50:00.000,6.75,20.4,5.54258699344664,73.0297086532958,29.3729
06/15/23 08:00:00.000,7.05,20.4,5.78874337212661,76.2754734823312,29.3782
06/15/23 08:10:00.000,7.07,20.4,5.80947436682362,76.4918578042669,29.2523
06/15/23 08:20:00.000,7.47,20.42,6.1229197642083,80.8514615280146,29.6785
06/15/23 08:30:00.000,7.1,20.44,5.83412952297936,76.8771094342594,29.261
06/15/23 08:40:00.000,7.39,20.46,6.06955694558277,80.0487408383707,29.3456
06/15/23 08:50:00.000,7.12,20.46,5.85721929855685,77.1240913084167,29.0724
06/15/23 09:00:00.000,6.95,20.46,5.71391549634779,75.2826453080753,29.175
06/15/23 09:10:00.000,7.26,20.48,5.96545923442011,78.6716036132953,29.2739
06/15/23 09:20:00.000,7.74,20.48,6.35744283956766,83.8730319513644,29.3387
06/15/23 09:30:00.000,7.94,20.5,6.52410782024414,86.0742299467062,29.2809
06/15/23 09:40:00.000,7.59,20.52,6.23996687023545,82.3124686780969,29.1915
06/15/23 09:50:00.000,7.87,20.54,6.47251742032374,85.3826711030476,29.1341
06/15/23 10:00:00.000,7.75,20.56,6.37600916796433,84.1139071899616,29.0803
06/15/23 10:10:00.000,7.82,20.58,6.43795748754766,84.9070795644175,28.9696
06/15/23 10:20:00.000,7.92,20.6,6.51865214980531,86.0267119200738,29.0165
06/15/23 10:30:00.000,8.1,20.68,6.67193904234754,88.1204266650243,28.903
06/15/23 10:40:00.000,8.23,20.74,6.77824324804131,89.6403238299211,28.9355
06/15/23 10:50:00.000,8.31,20.78,6.84607753306061,90.5827866581601,28.8958
06/15/23 11:00:00.000,8.2,20.8,6.75835894178195,89.418825517172,28.827
06/15/23 11:10:00.000,8.17,20.88,6.73648793995185,89.2315535139269,28.7721
06/15/23 11:20:00.000,8.61,20.98,7.10202846509621,94.2214886206544,28.7278
06/15/23 11:30:00.000,8.79,21.1,7.25076544966181,96.4171807708053,28.7474
06/15/23 11:40:00.000,8.82,21.16,7.27776674549922,96.8596279052216,28.7074
06/15/23 11:50:00.000,8.97,21.22,7.40061290177488,98.6222342791471,28.7416
06/15/23 12:00:00.000,9.03,21.28,7.45148311037548,99.3980475556547,28.7231
06/15/23 12:10:00.000,9.1,21.38,7.51346909880056,100.36369179039,28.6484
06/15/23 12:20:00.000,9.07,21.44,7.48980252525433,100.149543479924,28.636
06/15/23 12:30:00.000,9.07,21.5,7.49156138177248,100.266292182215,28.6086
06/15/23 12:40:00.000,9.05,21.52,7.47345869914571,100.084034387928,28.6491
06/15/23 12:50:00.000,9.09,21.5,7.50774731776888,100.487386542043,28.6162
06/15/23 13:00:00.000,9.21,21.5,7.60927844139879,101.813952701014,28.5618
06/15/23 13:10:00.000,9.01,21.5,7.44136373538518,99.6030091027291,28.6233
06/15/23 13:20:00.000,8.96,21.54,7.4030789408338,99.1271769369784,28.5622
06/15/23 13:30:00.000,9.05,21.54,7.47833153844486,100.122874026747,28.5418
06/15/23 13:40:00.000,9.21,21.56,7.61014675312,101.932531621045,28.555
06/15/23 13:50:00.000,9.2,21.58,7.59971460813638,101.861345331019,28.6081
06/15/23 14:00:00.000,9.02,21.58,7.45368857128291,99.868405965847,28.5469
06/15/23 14:10:00.000,9.12,21.56,7.53018711943055,100.936448250155,28.6821
06/15/23 14:20:00.000,9.2,21.56,7.60401135312966,101.821855690946,28.5071
06/15/23 14:30:00.000,8.88,21.56,7.34010714797429,98.2802259277828,28.4935
06/15/23 14:40:00.000,9.08,21.6,7.50917621113004,100.571696730748,28.4164
06/15/23 14:50:00.000,9.44,21.68,7.80306420783228,104.721244970069,28.5174
06/15/23 15:00:00.000,9.46,21.7,7.81298320990576,104.983736963519,28.6666
06/15/23 15:10:00.000,9.29,21.66,7.67521936089416,103.017350394667,28.5992
06/15/23 15:20:00.000,9.39,21.72,7.76458165422636,104.247229237077,28.463
06/15/23 15:30:00.000,9.37,21.72,7.74735652290698,104.025190410161,28.4782
06/15/23 15:40:00.000,9.6,21.74,7.92019412837779,106.619869617123,28.8571
06/15/23 15:50:00.000,9.07,21.72,7.499645766214,100.694608006421,28.4705
06/15/23 16:00:00.000,9.74,21.74,8.03914363145152,108.174742715706,28.7836
06/15/23 16:10:00.000,9.76,21.8,8.07406806038015,108.522647108628,28.4048
06/15/23 16:20:00.000,9.22,21.84,7.62340890713552,102.597549720605,28.5018
06/15/23 16:30:00.000,9.7,21.88,8.02169320545777,108.022221191192,28.4802
06/15/23 16:40:00.000,9.74,21.86,8.05669695491464,108.425816416174,28.435
06/15/23 16:50:00.000,9.26,21.86,7.6587996294218,103.082449693406,28.4541
06/15/23 17:00:00.000,9.62,21.82,7.94703503688438,107.00730149601,28.6509
06/15/23 17:10:00.000,9.64,21.78,7.96633579409901,107.146937919871,28.5826
06/15/23 17:20:00.000,9.31,21.72,7.68452581314584,103.359073929413,28.7728
06/15/23 17:30:00.000,9.36,21.68,7.72327437530643,103.833776792356,28.8202
06/15/23 17:40:00.000,9.63,21.74,7.96198839792387,106.953056709676,28.4898
06/15/23 17:50:00.000,9.61,21.8,7.92853792024217,106.854778556753,28.8679
06/15/23 18:00:00.000,9.38,21.7,7.73716997511249,104.09592523444,28.8822
06/15/23 18:10:00.000,9.34,21.66,7.70321485892563,103.571803303142,28.895
06/15/23 18:20:00.000,9.9,21.72,8.17219698497986,109.909219323436,28.7585
06/15/23 18:30:00.000,9.06,21.68,7.47372654558932,100.505771125935,28.8662
06/15/23 18:40:00.000,8.83,21.56,7.28024006014437,97.7268462772885,28.9288
06/15/23 18:50:00.000,8.62,21.52,7.10567315662462,95.3286603783361,28.9545
06/15/23 19:00:00.000,8.75,21.5,7.21501089243929,96.7287824249589,28.8986
06/15/23 19:10:00.000,8.79,21.48,7.24537602563115,97.1332533100967,28.9561
06/15/23 19:20:00.000,8.86,21.5,7.30444577588653,97.9448014040155,28.9283
06/15/23 19:30:00.000,8.82,21.5,7.27024466616684,97.5026126843586,28.9571
06/15/23 19:40:00.000,9.03,21.5,7.44249741396463,99.8241034625576,28.9766
06/15/23 19:50:00.000,8.91,21.54,7.34570575205231,98.5740118871069,28.936
06/15/23 20:00:00.000,9.16,21.58,7.54922496397824,101.418469916536,29.0033
06/15/23 20:10:00.000,9.8,21.6,8.08112686451122,108.546544929661,28.9134
06/15/23 20:20:00.000,9.66,21.62,7.9709957478093,107.037350689765,28.8035
06/15/23 20:30:00.000,9.9,21.72,8.18341554671833,109.909219323436,28.5234
06/15/23 20:40:00.000,9.75,21.7,8.05592455394786,108.202054481428,28.5936
06/15/23 20:50:00.000,9.37,21.66,7.74135901376884,103.904475048227,28.5982
06/15/23 21:00:00.000,9.57,21.64,7.90487713411986,106.081195860096,28.6312
06/15/23 21:10:00.000,9.67,21.64,7.9880233817523,107.189672305865,28.6195
06/15/23 21:20:00.000,9.58,21.62,7.91097736248162,106.150913002894,28.6737
06/15/23 21:30:00.000,9.57,21.6,7.9047434466606,105.999023977231,28.6256
06/15/23 21:40:00.000,9.57,21.58,7.90428870494201,105.957942914984,28.6312
06/15/23 21:50:00.000,9.57,21.56,7.90958919385884,105.916865104604,28.5122
06/15/23 22:00:00.000,9.6,21.54,7.92843225950824,106.207689575334,28.6364
06/15/23 22:10:00.000,9.56,21.5,7.89432163202758,105.683103998012,28.6512
06/15/23 22:20:00.000,9.49,21.5,7.83849231244382,104.909273738613,28.6081
06/15/23 22:30:00.000,9.42,21.5,7.77848709592336,104.135443479213,28.6562
06/15/23 22:40:00.000,9.36,21.5,7.7264449236643,103.472160399727,28.7115
06/15/23 22:50:00.000,9.39,21.5,7.75463031370656,103.80380193947,28.636
06/15/23 23:00:00.000,9.3,21.5,7.67932627533928,102.808877320242,28.6578
06/15/23 23:10:00.000,9.44,21.48,7.79508126541186,104.316030858625,28.6502
06/15/23 23:20:00.000,9.42,21.48,7.7785662627309,104.09502231867,28.6502
06/15/23 23:30:00.000,9.47,21.48,7.81839572116267,104.647543668557,28.6821
06/15/23 23:40:00.000,9.33,21.46,7.7034623994362,103.060452084873,28.6634
06/15/23 23:50:00.000,9.19,21.46,7.58731024390405,101.513992996783,28.676
06/16/23 00:00:00.000,9.06,21.4,7.4791637944428,99.9613937369377,28.6819
06/16/23 00:10:00.000,9.2,21.38,7.59456401095577,101.466589502373,28.6815
06/16/23 00:20:00.000,9.02,21.36,7.44613725106738,99.4426872203832,28.6735
06/16/23 00:30:00.000,9.01,21.34,7.43898468560962,99.2937998830298,28.6439
06/16/23 00:40:00.000,8.69,21.3,7.17146690942556,95.6927446716155,28.7143
06/16/23 00:50:00.000,8.6,21.28,7.10023270608299,94.6648071958616,28.6369
06/16/23 01:00:00.000,8.45,21.22,6.97444659081177,92.9050033064429,28.6717
06/16/23 01:10:00.000,8.68,21.24,7.16473150585283,95.4709861069503,28.6653
06/16/23 01:20:00.000,8.54,21.22,7.05092311524001,93.8945240517186,28.6186
06/16/23 01:30:00.000,8.5,21.22,7.01897056728506,93.4547370538183,28.5925
06/16/23 01:40:00.000,8.46,21.24,6.97863192905559,93.0512145696773,28.7755
06/16/23 01:50:00.000,8.6,21.24,7.09552603041388,94.5910691843056,28.7416
06/16/23 02:00:00.000,8.39,21.22,6.9273578034895,92.2453228095924,28.6117
06/16/23 02:10:00.000,8.35,21.22,6.89320862954689,91.8055358116921,28.6395
06/16/23 02:20:00.000,8.4,21.22,6.9359191473903,92.3552695590675,28.6042
06/16/23 02:30:00.000,8.26,21.22,6.82057215397553,90.8160150664164,28.5979
06/16/23 02:40:00.000,8.1,21.12,6.68537273353957,88.883301503177,28.6552
06/16/23 02:50:00.000,8.2,21.14,6.766547077745,90.0157623322458,28.6938
06/16/23 03:00:00.000,8.21,21.16,6.77563199254507,90.1607193993049,28.6771
06/16/23 03:10:00.000,8.16,21.16,6.73490416094564,89.6116285381642,28.6635
06/16/23 03:20:00.000,8.1,21.16,6.68403147940237,88.9527195047953,28.698
06/16/23 03:30:00.000,8.02,21.18,6.61893466426578,88.1085443953359,28.6786
06/16/23 03:40:00.000,7.91,21.18,6.52969275602061,86.9000730881679,28.6383
06/16/23 03:50:00.000,7.69,21.18,6.34478511809464,84.483130473832,28.727
06/16/23 04:00:00.000,7.9,21.22,6.51790359651408,86.8579320853135,28.7394
06/16/23 04:10:00.000,7.56,21.12,6.23462529583971,82.9577480696318,28.7935
06/16/23 04:20:00.000,7.73,21.04,6.37540509311229,84.6907373567453,28.7607
06/16/23 04:30:00.000,7.49,21.06,6.17649883864979,82.093354445072,28.7916
06/16/23 04:40:00.000,7.17,21.02,5.9116139531014,78.5246046960362,28.8119
06/16/23 04:50:00.000,7.09,21.02,5.84582939937248,77.6484584790651,28.8068
06/16/23 05:00:00.000,6.21,21.04,5.11918221611276,68.0374487691317,28.8468
06/16/23 05:10:00.000,4.42,21,3.63822994211279,48.3881482352791,29.0898
06/16/23 05:20:00.000,5.01,20.86,4.11388607336146,54.6970471395257,29.4723
06/16/23 05:30:00.000,5.86,20.62,4.80796467683665,63.6761352272606,29.5566
06/16/23 05:40:00.000,6.48,20.52,5.31730183588992,70.2746768160827,29.5138
06/16/23 05:50:00.000,6.77,20.5,5.55487033002049,73.3907477001513,29.5215
06/16/23 06:00:00.000,6.52,20.48,5.34919572545616,70.6527349254387,29.5344
06/16/23 06:10:00.000,6.35,20.44,5.20114441072289,68.7562880151475,29.8052
06/16/23 06:20:00.000,6.54,20.18,5.35267578830339,70.4504388353915,29.8763
06/16/23 06:30:00.000,6.71,20.06,5.48786167783969,72.109896316506,29.971
06/16/23 06:40:00.000,6.9,20.02,5.64271630593259,74.0928787808322,29.9781
06/16/23 06:50:00.000,6.88,20,5.62615311277667,73.848766881411,29.9798
06/16/23 07:00:00.000,7.02,20,5.74072702796972,75.3515034167885,29.9772
06/16/23 07:10:00.000,7.31,20,5.9788232541365,78.4643148114992,29.9505
06/16/23 07:20:00.000,7.62,20,6.22883863444961,81.7918028541209,30.0464
06/16/23 07:30:00.000,7.61,20,6.22233052288353,81.6844645301653,30.0011
06/16/23 07:40:00.000,7.67,20,6.2705702910695,82.3284944738986,30.0232
06/16/23 07:50:00.000,7.59,19.98,6.2034664437646,81.4374116679878,30.065
06/16/23 08:00:00.000,7.62,19.98,6.22847587876024,81.7592986706281,30.0517
06/16/23 08:10:00.000,7.44,19.98,6.0881356504337,79.8279766547865,29.863
06/16/23 08:20:00.000,7.4,19.98,6.05439413630156,79.3987939845995,29.8912
06/16/23 08:30:00.000,7.44,19.98,6.08028942611471,79.8279766547865,30.0811
06/16/23 08:40:00.000,7.53,20,6.15537156822102,80.825757938521,30.0436
06/16/23 08:50:00.000,7.51,19.98,6.13695210808569,80.5790463276138,30.0961
06/16/23 09:00:00.000,7.46,20.02,6.0978312585258,80.1062138702911,30.057
06/16/23 09:10:00.000,7.27,20,5.94151809704966,78.034961515677,30.0811
06/16/23 09:20:00.000,7.05,20.06,5.76215768025306,75.7637509733781,30.0819
06/16/23 09:30:00.000,7.19,20.08,5.87947831375801,77.2989590282506,30.0031
06/16/23 09:40:00.000,6.96,20.06,5.69077360323805,74.7965541524414,30.0172
06/16/23 09:50:00.000,7.22,20.1,5.90547311611309,77.6522960919003,29.9657
06/16/23 10:00:00.000,7.02,20.1,5.74134051053092,75.5012629591607,29.9818
06/16/23 10:10:00.000,7.2,20.1,5.8891388179565,77.4371927786264,29.965
06/16/23 10:20:00.000,7.38,20.1,6.03636728840541,79.373122598092,29.965
06/16/23 10:30:00.000,7.6,20.36,6.23739934928437,82.1611045513251,29.4495
06/16/23 10:40:00.000,8.96,19.84,,,
06/16/23 10:50:00.000,,,,,
06/16/23 11:00:00.000,,,,,
06/16/23 11:10:00.000,,,,,
06/16/23 11:20:00.000,,,,,
06/16/23 11:30:00.000,,,,,
06/16/23 11:40:00.000,,,,,