Date Time,High Range (μS/cm)  #21113538,Temp (°C)  #21113538,Specific Conductance (μS/cm),Salinity (ppt)
06/09/23 12:20:00.000,33027.5,19.05,46489.6553942397,30.1753949586246
06/09/23 12:30:00.000,33373.1,18.32,47724.5843639536,31.0731557185483
06/09/23 12:40:00.000,33375.8,18.29,47758.4154569164,31.0978048733028
06/09/23 12:50:00.000,33441.8,18.29,47851.243338703,31.1654537782618
06/09/23 13:00:00.000,33391.6,18.25,47820.1212667612,31.1427709215212
06/09/23 13:10:00.000,33436.5,18.29,47841.0529859818,31.1580264199283
06/09/23 13:20:00.000,33441.8,18.3,47836.8427463488,31.1549578146475
06/09/23 13:30:00.000,33433.9,18.27,47855.6283811087,31.1686499494909
06/09/23 13:40:00.000,33455,18.3,47853.0337636051,31.1667587778586
06/09/23 13:50:00.000,33449.7,18.23,47917.4300944681,31.2137012219668
06/09/23 14:00:00.000,33449.7,18.27,47874.2229677872,31.1822037234025
06/09/23 14:10:00.000,33457.7,18.29,47863.3935491076,31.1743099482011
06/09/23 14:20:00.000,33486.8,18.33,47861.7329497843,31.1730995313173
06/09/23 14:30:00.000,33500.1,18.39,47816.6950810649,31.1402739483331
06/09/23 14:40:00.000,33500.1,18.44,47763.2596830298,31.1013345898235
06/09/23 14:50:00.000,33497.4,18.43,47768.5240296606,31.1051704925654
06/09/23 15:00:00.000,33542.5,18.53,47727.2060732064,31.0750657775737
06/09/23 15:10:00.000,33585,18.6,47713.4343626797,31.0650325268703
06/09/23 15:20:00.000,33571.7,18.6,47693.2841996957,31.0503531867505
06/09/23 15:30:00.000,33577.1,18.63,47668.5086291673,31.0323056701897
06/09/23 15:40:00.000,33577.1,18.7,47594.7354097439,30.9785755867112
06/09/23 15:50:00.000,33606.3,18.73,47603.669151547,30.9850814182722
06/09/23 16:00:00.000,33582.4,18.73,47568.6051046769,30.9595478470735
06/09/23 16:10:00.000,33651.7,18.75,47644.4777533242,31.0148021160948
06/09/23 16:20:00.000,33625,19.4,46941.6038731114,30.5034970747431
06/09/23 16:30:00.000,33595.7,18.75,47562.8064821128,30.9553256038452
06/09/23 16:40:00.000,33871.4,20.14,46539.6338423548,30.2116522115757
06/09/23 16:50:00.000,33670.3,19.26,47142.6587422196,30.649625338385
06/09/23 17:00:00.000,33670.3,18.97,47437.4740275995,30.8640862779385
06/09/23 17:10:00.000,33901.1,20.25,46467.7164423946,30.1594811967999
06/09/23 17:20:00.000,33796.2,19.82,46749.3663975312,30.363874070955
06/09/23 17:30:00.000,33844.5,20.48,46162.0220241052,29.9378693126159
06/09/23 17:40:00.000,33874.1,20.33,46348.1679866863,30.0727865253691
06/09/23 17:50:00.000,33823,20.14,46464.3291758173,30.1570242999083
06/09/23 18:00:00.000,33747.9,20.66,45851.8544074465,29.7132595551015
06/09/23 18:10:00.000,33879.5,20.37,46312.4017818435,30.0468565509842
06/09/23 18:20:00.000,33782.7,20.48,46071.562719892,29.872337162404
06/09/23 18:30:00.000,33796.2,20.23,46333.729352223,30.0623183323107
06/09/23 18:40:00.000,33879.5,20.23,46446.4067009528,30.1440250232092
06/09/23 18:50:00.000,33879.5,20.33,46346.6131228532,30.0716592037026
06/09/23 19:00:00.000,33917.2,20.27,46455.9302439531,30.1509324026317
06/09/23 19:10:00.000,33938.8,20.3,46454.574708476,30.1499492251581
06/09/23 19:20:00.000,33903.8,20.18,46523.9514091352,30.2002745798329
06/09/23 19:30:00.000,33874.1,20.13,46531.4690765405,30.205728581597
06/09/23 19:40:00.000,33882.2,20.04,46630.5638844759,30.2776345253188
06/09/23 19:50:00.000,33876.8,20.02,46641.7394081481,30.2857453735361
06/09/23 20:00:00.000,33911.9,20.02,46688.6706360289,30.3198100934306
06/09/23 20:10:00.000,33868.7,20.04,46608.1776739939,30.2613882705497
06/09/23 20:20:00.000,33868.7,20.07,46577.1200372624,30.2388510617594
06/09/23 20:30:00.000,33852.6,19.99,46633.177924467,30.2795316857559
06/09/23 20:40:00.000,33817.6,19.81,46763.153541289,30.3738845915539
06/09/23 20:50:00.000,33833.8,19.72,46874.3663605497,30.4546513921804
06/09/23 21:00:00.000,33844.5,19.63,46978.3312321723,30.5301830906911
06/09/23 21:10:00.000,33777.4,19.56,46954.556992688,30.5129083882137
06/09/23 21:20:00.000,33777.4,19.42,47094.6427525264,30.6147175424895
06/09/23 21:30:00.000,33758.6,19.45,47036.8644124633,30.5727202983429
06/09/23 21:40:00.000,33713.1,19.32,47103.858701503,30.6214171131373
06/09/23 21:50:00.000,33726.5,19.31,47131.3808628932,30.6414257501688
06/09/23 22:00:00.000,33707.8,19.24,47175.1043575222,30.6732167538883
06/09/23 22:10:00.000,33699.7,19.26,47142.177044747,30.6492751133309
06/09/23 22:20:00.000,33715.8,19.28,47143.0238415877,30.6498907895107
06/09/23 22:30:00.000,33750.6,19.31,47159.7769123727,30.6620717345724
06/09/23 22:40:00.000,33713.1,19.27,47146.8179448238,30.6526493709491
06/09/23 22:50:00.000,33750.6,19.3,47167.3349114909,30.6675672946503
06/09/23 23:00:00.000,33723.8,19.27,47159.1446973132,30.6616120460012
06/09/23 23:10:00.000,33764,19.36,47122.5173073302,30.6349817255659
06/09/23 23:20:00.000,33729.2,19.37,47062.6524726556,30.5914637671124
06/09/23 23:30:00.000,33737.2,19.33,47113.0246180074,30.6280805278922
06/09/23 23:40:00.000,33721.1,19.5,46917.5139897773,30.4859952940564
06/09/23 23:50:00.000,33705.1,19.35,47045.4676119106,30.5789731503866
06/10/23 00:00:00.000,33715.8,19.26,47150.3545715676,30.6552207819068
06/10/23 00:10:00.000,33662.3,19.2,47135.3639456268,30.6443216154633
06/10/23 00:20:00.000,33678.4,19.14,47217.6322901918,30.7041431627489
06/10/23 00:30:00.000,33622.3,19.05,47229.6149489055,30.7128578141172
06/10/23 00:40:00.000,33619.7,19.01,47265.52795696,30.7389785351723
06/10/23 00:50:00.000,33606.3,18.99,47265.881476847,30.7392356782875
06/10/23 01:00:00.000,33651.7,18.99,47328.2528304366,30.7846083207879
06/10/23 01:10:00.000,33622.3,18.94,47336.9059533293,30.7909039037324
06/10/23 01:20:00.000,33614.3,18.9,47365.3776900996,30.8116198773935
06/10/23 01:30:00.000,33563.8,18.84,47354.6470415173,30.8038120376413
06/10/23 01:40:00.000,33563.8,18.75,47445.8837921283,30.8702071495221
06/10/23 01:50:00.000,33529.2,18.66,47488.5560680343,30.9012680588772
06/10/23 02:00:00.000,33545.2,18.64,47530.5016313509,30.9318045310008
06/10/23 02:10:00.000,33529.2,18.66,47485.9393883757,30.8993632586285
06/10/23 02:20:00.000,33561.1,18.68,47509.0208973313,30.9161659430173
06/10/23 02:30:00.000,33553.1,18.66,47517.0691741151,30.9220251803724
06/10/23 02:40:00.000,33595.7,18.69,47544.9042383197,30.9422907002323
06/10/23 02:50:00.000,33558.5,18.68,47501.4244656953,30.9106358058501
06/10/23 03:00:00.000,33558.5,18.69,47489.7961962533,30.9021708107732
06/10/23 03:10:00.000,33537.2,18.7,47448.1257392789,30.8718389344628
06/10/23 03:20:00.000,33566.4,18.71,47477.6938347194,30.893361059123
06/10/23 03:30:00.000,33537.2,18.74,47404.314195102,30.8399533466345
06/10/23 03:40:00.000,33566.4,18.78,47402.9891320466,30.8389890558701
06/10/23 03:50:00.000,33579.7,18.83,47369.0117100208,30.8142641314291
06/10/23 04:00:00.000,33574.4,18.83,47360.2514806088,30.8078899056418
06/10/23 04:10:00.000,33595.7,18.84,47378.632207422,30.8212645418875
06/10/23 04:20:00.000,33550.5,18.83,47324.0260140316,30.7815331684165
06/10/23 04:30:00.000,33558.5,18.8,47364.7789358263,30.8111842037671
06/10/23 04:40:00.000,33558.5,18.78,47384.028506882,30.8251912938548
06/10/23 04:50:00.000,33441.8,18.76,47238.9242275568,30.7196284445214
06/10/23 05:00:00.000,33542.5,18.69,47451.5246240214,30.8743128125095
06/10/23 05:10:00.000,33537.2,18.71,47422.1337090959,30.8529216126505
06/10/23 05:20:00.000,33529.2,18.74,47378.6725403723,30.8212938908893
06/10/23 05:30:00.000,33558.5,18.7,47459.8554273634,30.8803765120048
06/10/23 05:40:00.000,33510.7,18.69,47401.4433960865,30.8378641800435
06/10/23 05:50:00.000,33529.2,18.7,47415.9254044196,30.84840338688
06/10/23 06:00:00.000,33529.2,18.79,47322.069263791,30.7801095816737
06/10/23 06:10:00.000,33505.4,18.75,47328.3382471326,30.7846704648035
06/10/23 06:20:00.000,33537.2,18.75,47371.8207265757,30.8163081040944
06/10/23 06:30:00.000,33529.2,18.74,47369.5300635915,30.8146413083691
06/10/23 06:40:00.000,33537.2,18.75,47369.2085360599,30.8144073506629
06/10/23 06:50:00.000,33542.5,18.76,47365.0843099723,30.8114064040904
06/10/23 07:00:00.000,33542.5,18.74,47384.345535083,30.8254219896506
06/10/23 07:10:00.000,33508,18.68,47396.1726276187,30.8340285384795
06/10/23 07:20:00.000,33521.3,18.69,47403.3213544604,30.8392308243246
06/10/23 07:30:00.000,33526.6,18.69,47409.4867788616,30.8437176442014
06/10/23 07:40:00.000,33550.5,18.79,47338.9897397588,30.7924199919492
06/10/23 07:50:00.000,33537.2,18.74,47370.3483455755,30.8152367278597
06/10/23 08:00:00.000,33550.5,18.99,47131.7266426654,30.6416771447053
06/10/23 08:10:00.000,33484.1,18.81,47221.1710282801,30.7067167494503
06/10/23 08:20:00.000,33526.6,18.86,47228.4044153585,30.7119774103785
06/10/23 08:30:00.000,33571.7,19,47147.3240402956,30.6530173409392
06/10/23 08:40:00.000,33505.4,18.9,47155.1349309409,30.658696536944
06/10/23 08:50:00.000,33555.8,18.86,47265.5095033501,30.7389651124037
06/10/23 09:00:00.000,33534.5,18.92,47172.932917797,30.6716378020701
06/10/23 09:10:00.000,33526.6,18.8,47283.3652964297,30.7519534485874
06/10/23 09:20:00.000,33558.5,18.79,47337.1870419867,30.7911084131036
06/10/23 09:30:00.000,33539.9,18.75,47350.8056144747,30.8010170081385
06/10/23 09:40:00.000,33497.4,18.81,47228.1477982834,30.7117907769305
06/10/23 09:50:00.000,33569.1,18.9,47235.4099276364,30.7170724711668
06/10/23 10:00:00.000,33547.8,18.81,47296.3927039609,30.761430122498
06/10/23 10:10:00.000,33447.1,18.73,47235.4700405014,30.717116191382
06/10/23 10:20:00.000,33492.1,18.73,47297.5305242363,30.7622578405217
06/10/23 10:30:00.000,33505.4,18.74,47304.680337287,30.7674591147523
06/10/23 10:40:00.000,33539.9,18.78,47310.849051508,30.7719467740318
06/10/23 10:50:00.000,33563.8,18.76,47363.7101499202,30.8104065216878
06/10/23 11:00:00.000,33550.5,18.94,47159.3293510368,30.6617463090787
06/10/23 11:10:00.000,33579.7,18.76,47383.4673373928,30.8247829414058
06/10/23 11:20:00.000,33595.7,18.75,47414.9610246263,30.8477015478099
06/10/23 11:30:00.000,33587.7,18.73,47422.9814222333,30.8535385615563
06/10/23 11:40:00.000,33595.7,18.73,47432.9347742997,30.8607825522432
06/10/23 11:50:00.000,33566.4,18.7,47421.2664350409,30.8522904295945
06/10/23 12:00:00.000,33595.7,18.66,47502.4966642579,30.9114163482872
06/10/23 12:10:00.000,33590.4,18.63,47524.6986395125,30.9275796710002
06/10/23 12:20:00.000,33523.9,18.68,47378.061932877,30.8208495717302
06/10/23 12:30:00.000,33638.3,18.84,47373.1635896979,30.8172852416331
06/10/23 12:40:00.000,33582.4,18.69,47447.5640636466,30.8714301217303
06/10/23 12:50:00.000,33579.7,18.69,47442.4510983308,30.8677087131674
06/10/23 13:00:00.000,33566.4,18.58,47535.9628204742,30.935780620569
06/10/23 13:10:00.000,33590.4,18.59,47558.1871143014,30.951962091572
06/10/23 13:20:00.000,33569.1,18.55,47568.199547237,30.959252539295
06/10/23 13:30:00.000,33539.9,18.53,47546.335288944,30.9433326404701
06/10/23 13:40:00.000,33603.7,18.68,47480.021868833,30.8950556912508
06/10/23 13:50:00.000,33603.7,18.66,47499.3511004041,30.9091264392796
06/10/23 14:00:00.000,33523.9,18.48,47571.5736031088,30.9617093802555
06/10/23 14:10:00.000,33516,18.5,47538.3638632965,30.9375287550401
06/10/23 14:20:00.000,33561.1,18.49,47611.1953792723,30.990562411999
06/10/23 14:30:00.000,33561.1,18.51,47589.1418334875,30.974502272423
06/10/23 14:40:00.000,33539.9,18.55,47516.452187452,30.921576001185
06/10/23 14:50:00.000,33569.1,18.6,47504.6656767016,30.912995361675
06/10/23 15:00:00.000,33579.7,18.7,47415.1267446716,30.8478221524102
06/10/23 15:10:00.000,33611.7,18.66,47500.133325513,30.9096958815099
06/10/23 15:20:00.000,33569.1,18.68,47418.1850819424,30.8500479038604
06/10/23 15:30:00.000,33569.1,18.63,47468.4375193781,30.886623301089
06/10/23 15:40:00.000,33603.7,18.65,47495.2498804028,30.9061408692286
06/10/23 15:50:00.000,33617,18.84,47317.1197541569,30.7765087282322
06/10/23 16:00:00.000,33595.7,18.7,47429.7938591694,30.8584965854822
06/10/23 16:10:00.000,33625,18.85,47315.4764271671,30.7753131934078
06/10/23 16:20:00.000,33651.7,18.86,47341.3707201404,30.7941523214007
06/10/23 16:30:00.000,33579.7,18.61,47496.1685714449,30.9068096461163
06/10/23 16:40:00.000,33574.4,18.6,47497.713525889,30.9079343270406
06/10/23 16:50:00.000,33590.4,18.63,47487.9745133471,30.9008447172334
06/10/23 17:00:00.000,33566.4,18.61,47473.4791930891,30.8902931551406
06/10/23 17:10:00.000,33638.3,18.8,47377.6301764885,30.8205353972632
06/10/23 17:20:00.000,33595.7,18.76,47357.5797945617,30.8059459396245
06/10/23 17:30:00.000,33659.7,18.97,47230.8029612815,30.7137218421721
06/10/23 17:40:00.000,33646.3,18.9,47282.344917603,30.7512112012316
06/10/23 17:50:00.000,33673,18.94,47277.4875954175,30.7476779082737
06/10/23 18:00:00.000,33665,19.05,47152.6611344194,30.6568978551049
06/10/23 18:10:00.000,33699.7,19.07,47179.4313239716,30.6763631224052
06/10/23 18:20:00.000,33595.7,19.51,46589.2905808213,30.2476824143128
06/10/23 18:30:00.000,33689,19.3,46928.4886433551,30.4939684146382
06/10/23 18:40:00.000,33638.3,19.58,46575.6206655695,30.23776309387
06/10/23 18:50:00.000,33651.7,19.56,46612.8360283582,30.2647688536427
06/10/23 19:00:00.000,33638.3,19.71,46443.4805838372,30.1419027713658
06/10/23 19:10:00.000,33579.7,19.65,46421.1095575689,30.1256782566572
06/10/23 19:20:00.000,33686.4,19.81,46407.7690288997,30.1160036916179
06/10/23 19:30:00.000,33707.8,19.84,46406.1316908106,30.1148163237822
06/10/23 19:40:00.000,33702.4,19.62,46616.4174960295,30.2673679743051
06/10/23 19:50:00.000,33651.7,19.6,46565.1398777044,30.230158228702
06/10/23 20:00:00.000,33659.7,19.56,46614.8726952793,30.2662468869896
06/10/23 20:10:00.000,33659.7,19.48,46693.7085008527,30.323467129307
06/10/23 20:20:00.000,33630.3,19.52,46611.6825799361,30.2639317871502
06/10/23 20:30:00.000,33609,19.51,46590.9495539414,30.2488862499504
06/10/23 20:40:00.000,33593,19.42,46657.6732528762,30.2973102165297
06/10/23 20:50:00.000,33566.4,19.5,46539.4639106896,30.2115289224899
06/10/23 21:00:00.000,33463,19.77,46127.436735396,29.9128119396482
06/10/23 21:10:00.000,33476.2,19.55,46362.3568089457,30.0830741219597
06/10/23 21:20:00.000,33476.2,19.7,46212.2282918485,29.9742496933944
06/10/23 21:30:00.000,33452.4,19.72,46158.4044823904,29.9352482253287
06/10/23 21:40:00.000,33404.8,19.67,46140.9947363723,29.9226344756304
06/10/23 21:50:00.000,33391.6,19.67,46121.5312948524,29.9085336980558
06/10/23 22:00:00.000,33404.8,19.74,46069.3315123286,29.8707210562923
06/10/23 22:10:00.000,33396.9,19.73,46067.0493793753,29.8690680771635
06/10/23 22:20:00.000,33304.6,19.72,45948.6034526938,29.783294468718
06/10/23 22:30:00.000,33309.9,19.7,45974.314282416,29.8019101219324
06/10/23 22:40:00.000,33333.6,19.77,45936.7867984316,29.7747393147419
06/10/23 22:50:00.000,33312.5,19.77,45906.5087841349,29.7528199337981
06/10/23 23:00:00.000,33375.8,19.81,45952.9276535985,29.7864252417887
06/10/23 23:10:00.000,33402.2,19.83,45968.2586982755,29.7975254878144
06/10/23 23:20:00.000,33396.9,19.84,45949.8880356145,29.7842245170753
06/10/23 23:30:00.000,33447.1,19.63,46224.8428208425,29.9833914281085
06/10/23 23:40:00.000,33431.2,19.63,46201.6448219337,29.9665801796465
06/10/23 23:50:00.000,33476.2,19.57,46321.9701706998,30.0537931714217
06/11/23 00:00:00.000,33354.7,19.81,45916.3266986601,29.7599272295655
06/11/23 00:10:00.000,33404.8,19.74,46052.7762123298,29.858730136311
06/11/23 00:20:00.000,33359.9,19.73,45999.5976993867,29.8202179658547
06/11/23 00:30:00.000,33534.5,19.36,46607.1348022538,30.260631462709
06/11/23 00:40:00.000,33457.7,19.1,46760.7747974823,30.3721574069278
06/11/23 00:50:00.000,33537.2,19.01,46961.5437497291,30.5179849157999
06/11/23 01:00:00.000,33566.4,19.05,46960.3896954486,30.517146379622
06/11/23 01:10:00.000,33569.1,19.14,46871.6512038821,30.4526791695611
06/11/23 01:20:00.000,33582.4,19.09,46939.526580546,30.5019878217733
06/11/23 01:30:00.000,33595.7,19.24,46805.028691237,30.4042921354321
06/11/23 01:40:00.000,33574.4,19.32,46693.5967842171,30.3233860323924
06/11/23 01:50:00.000,33595.7,19.15,46893.379465374,30.4684625696001
06/11/23 02:00:00.000,33561.1,19.06,46935.0590331102,30.4987419710664
06/11/23 02:10:00.000,33561.1,19.02,46974.3610017225,30.5272981638906
06/11/23 02:20:00.000,33606.3,18.99,47066.6770406188,30.5943890868069
06/11/23 02:30:00.000,33577.1,18.95,47065.3137008109,30.5933981174662
06/11/23 02:40:00.000,33561.1,18.95,47041.6479153981,30.576196950869
06/11/23 02:50:00.000,33563.8,18.91,47084.8801275399,30.6076208004379
06/11/23 03:00:00.000,33539.9,18.89,47070.5323514042,30.597191418139
06/11/23 03:10:00.000,33529.2,18.87,47074.6515204025,30.6001855835682
06/11/23 03:20:00.000,33555.8,18.86,47120.798436513,30.633732087129
06/11/23 03:30:00.000,33534.5,18.84,47110.0893333261,30.6259466186905
06/11/23 03:40:00.000,33526.6,18.81,47128.3681223219,30.6392353905594
06/11/23 03:50:00.000,33571.7,18.8,47200.5133583637,30.6916936808274
06/11/23 04:00:00.000,33505.4,18.79,47116.4835609404,30.6305951572905
06/11/23 04:10:00.000,33505.4,18.76,47145.8619313508,30.6519542780597
06/11/23 04:20:00.000,33513.3,18.73,47186.3624323815,30.6814032014345
06/11/23 04:30:00.000,33505.4,18.7,47204.7132026197,30.6947478841211
06/11/23 04:40:00.000,33476.2,18.68,47182.8882197769,30.678876850459
06/11/23 04:50:00.000,33500.1,18.7,47194.6559751711,30.687434160301
06/11/23 05:00:00.000,33550.5,18.8,47161.6565918648,30.6634384704367
06/11/23 05:10:00.000,33534.5,18.79,47148.1527467044,30.6536198750887
06/11/23 05:20:00.000,33513.3,18.69,47219.5349272756,30.7055268727878
06/11/23 05:30:00.000,33500.1,18.79,47097.3203325037,30.6166639974869
06/11/23 05:40:00.000,33534.5,18.84,47093.144573338,30.6136284557111
06/11/23 05:50:00.000,33555.8,18.86,47101.2428869405,30.6195155142966
06/11/23 06:00:00.000,33547.8,18.86,47088.7421754643,30.6104282086403
06/11/23 06:10:00.000,33550.5,18.86,47091.2176690657,30.6122277198441
06/11/23 06:20:00.000,33547.8,18.86,47086.13538871,30.6085332734099
06/11/23 06:30:00.000,33534.5,18.86,47066.2184888525,30.5940557792469
06/11/23 06:40:00.000,33539.9,18.86,47072.4727690028,30.5986018747208
06/11/23 06:50:00.000,33531.9,18.94,46978.4961361315,30.5303029173157
06/11/23 07:00:00.000,33539.9,18.97,46957.8717765732,30.5153168708563
06/11/23 07:10:00.000,33516,18.95,46943.5198228075,30.504889114144
06/11/23 07:20:00.000,33545.2,18.95,46983.0027171046,30.5335776284243
06/11/23 07:30:00.000,33516,18.99,46900.3072457239,30.4734951603204
06/11/23 07:40:00.000,33545.2,18.96,46970.2340711062,30.5242994152783
06/11/23 07:50:00.000,33523.9,18.94,46959.5182767499,30.5165132087981
06/11/23 08:00:00.000,33510.7,18.92,46960.1113256499,30.5169441165548
06/11/23 08:10:00.000,33494.7,18.94,46916.1322526361,30.4849914794876
06/11/23 08:20:00.000,33531.9,19.01,46895.7079257859,30.47015403393
06/11/23 08:30:00.000,33508,19.04,46830.6900959736,30.4229283233062
06/11/23 08:40:00.000,33537.2,19.04,46870.0894706802,30.4515447737526
06/11/23 08:50:00.000,33508,19.05,46817.9751137592,30.4136940586515
06/11/23 09:00:00.000,33449.7,19.05,46735.4468255953,30.353767890983
06/11/23 09:10:00.000,33365.2,19.12,46545.9665809821,30.2162468026854
06/11/23 09:20:00.000,33349.4,19.22,46422.4076115001,30.126619631042
06/11/23 09:30:00.000,33415.4,18.87,46866.0078012539,30.4485800018836
06/11/23 09:40:00.000,33468.3,19.06,46746.0784199491,30.3614868196716
06/11/23 09:50:00.000,33412.7,19.07,46657.2561725122,30.2970074897848
06/11/23 10:00:00.000,33508,18.97,46889.9570052156,30.4659764158232
06/11/23 10:10:00.000,33415.4,19.16,46567.8317925776,30.2321114566941
06/11/23 10:20:00.000,33415.4,19.09,46636.9809989549,30.2822918287386
06/11/23 10:30:00.000,33486.8,19.26,46563.9552101408,30.2292986509948
06/11/23 10:40:00.000,33399.5,19.19,46511.7468590926,30.1914205941174
06/11/23 10:50:00.000,33537.2,19.25,46641.3190897777,30.2854403137207
06/11/23 11:00:00.000,33558.5,19.27,46649.4609369221,30.291349606279
06/11/23 11:10:00.000,33595.7,19.27,46699.7421634467,30.3278471101426
06/11/23 11:20:00.000,33566.4,19.12,46809.0277784991,30.4071962982261
06/11/23 11:30:00.000,33473.6,19.27,46527.885539733,30.2031287390181
06/11/23 11:40:00.000,33590.4,19.16,46799.3845935848,30.4001934252011
06/11/23 11:50:00.000,33662.3,19.2,46857.5381276488,30.4424280840608
06/11/23 12:00:00.000,33691.7,19.24,46856.6280365994,30.4417670535296
06/11/23 12:10:00.000,33683.7,19.16,46925.1217018324,30.4915222881922
06/11/23 12:20:00.000,33654.3,19.15,46893.0941803491,30.4682553308514
06/11/23 12:30:00.000,33675.7,19.35,46719.7310141041,30.3423581635714
06/11/23 12:40:00.000,33603.7,19.28,46689.1271137802,30.3201414524655
06/11/23 12:50:00.000,33638.3,19.4,46615.225369534,30.2665028279592
06/11/23 13:00:00.000,33646.3,19.46,46564.8959702605,30.2299812526828
06/11/23 13:10:00.000,33718.5,19.35,46773.7697906214,30.38159313191
06/11/23 13:20:00.000,33681,19.53,46540.1990083892,30.2120622522473
06/11/23 13:30:00.000,33702.4,19.41,46688.6077411022,30.3197644377923
06/11/23 13:40:00.000,33697.1,19.36,46730.2187037076,30.3499721882528
06/11/23 13:50:00.000,33723.8,19.55,46575.3220229599,30.2375463947419
06/11/23 14:00:00.000,33739.9,19.48,46666.2861348965,30.3035617485885
06/11/23 14:10:00.000,33731.8,19.51,46623.7720962895,30.2727054124986
06/11/23 14:20:00.000,33747.9,19.57,46584.6545085337,30.2443182808186
06/11/23 14:30:00.000,33758.6,19.61,46558.1416568773,30.2250804726514
06/11/23 14:40:00.000,33745.2,19.58,46568.3647243338,30.2324981491409
06/11/23 14:50:00.000,33721.1,19.56,46553.8681507265,30.2219797716967
06/11/23 15:00:00.000,33745.2,19.52,46625.7721209635,30.2741569100498
06/11/23 15:10:00.000,33774.7,19.57,46615.0950414097,30.2664082468574
06/11/23 15:20:00.000,33766.7,19.67,46503.0005253416,30.1850756613404
06/11/23 15:30:00.000,33766.7,19.71,46461.8965550028,30.1552598574153
06/11/23 15:40:00.000,33758.6,19.68,46479.3383729473,30.1679111922863
06/11/23 15:50:00.000,33750.6,19.68,46467.0623709716,30.1590067747942
06/11/23 16:00:00.000,33772,19.83,46346.1940141489,30.0713553387181
06/11/23 16:10:00.000,33766.7,19.77,46397.1350198912,30.1082922240628
06/11/23 16:20:00.000,33780.1,19.81,46374.5333845976,30.091903151829
06/11/23 16:30:00.000,33780.1,19.83,46353.4277964056,30.0766000868879
06/11/23 16:40:00.000,33758.6,19.82,46332.6120276792,30.0615082801247
06/11/23 16:50:00.000,33766.7,19.86,46302.8238991897,30.0399132830381
06/11/23 17:00:00.000,33801.5,19.94,46270.050647529,30.0161568395422
06/11/23 17:10:00.000,33806.9,19.98,46236.673594257,29.9919655468325
06/11/23 17:20:00.000,33823,20.03,46208.081504277,29.9712446103041
06/11/23 17:30:00.000,33815,20.07,46156.5459950963,29.9339016727268
06/11/23 17:40:00.000,33780.1,20.03,46147.0452623233,29.9270181286349
06/11/23 17:50:00.000,33755.9,19.93,46211.2271055641,29.9735241523182
06/11/23 18:00:00.000,33777.4,20.13,46042.6507948354,29.8513966942283
06/11/23 18:10:00.000,33812.3,20.3,45922.6114515919,29.7644769608726
06/11/23 18:20:00.000,33855.3,20.38,45901.6391217477,29.7492948237007
06/11/23 18:30:00.000,33863.4,20.54,45756.0053461876,29.6438998212055
06/11/23 18:40:00.000,33847.2,20.61,45665.2480207866,29.5782463930829
06/11/23 18:50:00.000,33876.8,20.73,45588.1694019791,29.5225046949959
06/11/23 19:00:00.000,33874.1,20.74,45573.6626309975,29.5120153986247
06/11/23 19:10:00.000,33930.7,21.21,45199.5312599615,29.2416820971933
06/11/23 19:20:00.000,33844.5,20.8,45473.8171634847,29.4398355971541
06/11/23 19:30:00.000,33849.9,20.85,45431.9076079033,29.4095461803237
06/11/23 19:40:00.000,33798.8,20.93,45285.8577402537,29.3040264246914
06/11/23 19:50:00.000,33812.3,20.88,45350.357101849,29.3506198867861
06/11/23 20:00:00.000,33820.3,20.84,45398.0376868845,29.3850705719904
06/11/23 20:10:00.000,33820.3,21.5,44772.8339107643,28.9338063081045
06/11/23 20:20:00.000,33782.7,21.42,44796.672976446,28.9509945863333
06/11/23 20:30:00.000,33796.2,21.22,45001.2393147553,29.0985497918612
06/11/23 20:40:00.000,33804.2,21.04,45180.9326289365,29.2282528180902
06/11/23 20:50:00.000,33758.6,21.2,44967.6068433043,29.0742830375855
06/11/23 21:00:00.000,33753.3,21.24,44921.6420505818,29.0411228858173
06/11/23 21:10:00.000,33804.2,21.39,44847.0291700222,28.9873068753624
06/11/23 21:20:00.000,33831.1,21.42,44853.2833258313,28.9918172576978
06/11/23 21:30:00.000,33785.4,21.27,44932.3081780235,29.0488172121542
06/11/23 21:40:00.000,33852.6,21.53,44776.2988427439,28.9363044784101
06/11/23 21:50:00.000,33790.8,21.17,45031.2460384855,29.120202928293
06/11/23 22:00:00.000,33788.1,21.22,44979.2369014195,29.0826741152399
06/11/23 22:10:00.000,33852.6,21.34,44950.6337724529,29.0620376057368
06/11/23 22:20:00.000,33809.6,21.26,44967.616230708,29.0742898104493
06/11/23 22:30:00.000,33831.1,21.27,44985.494414514,29.0871890500926
06/11/23 22:40:00.000,33882.2,21.32,45004.9551138617,29.1012310219469
06/11/23 22:50:00.000,33868.7,21.3,45004.6360209612,29.1010007708902
06/11/23 23:00:00.000,33860.7,21.29,45002.1927191481,29.0992377418464
06/11/23 23:10:00.000,33839.1,21.26,45000.54138726,29.098046188355
06/11/23 23:20:00.000,33831.1,21.29,44960.4213978865,29.0690989185609
06/11/23 23:30:00.000,33801.5,21.22,44985.8060685932,29.0874139180777
06/11/23 23:40:00.000,33750.6,21.17,44964.0335259878,29.0717049619552
06/11/23 23:50:00.000,33825.7,21.11,45119.4188719013,29.1838426965558
06/12/23 00:00:00.000,33753.3,20.88,45239.9696531032,29.2708840098535
06/12/23 00:10:00.000,33761.3,20.8,45325.7446405158,29.3328389166498
06/12/23 00:20:00.000,33753.3,20.78,45332.8771425796,29.3379915447471
06/12/23 00:30:00.000,33723.8,20.98,45101.7376052593,29.1710794322282
06/12/23 00:40:00.000,33726.5,20.66,45409.2880140991,29.39320013098
06/12/23 00:50:00.000,33761.3,21,45130.3132242436,29.1917072113694
06/12/23 01:00:00.000,33841.8,21.21,45037.5350358131,29.1247414223169
06/12/23 01:10:00.000,33774.7,21.15,45003.7169162518,29.1003375647747
06/12/23 01:20:00.000,33772,21.21,44942.3028318893,29.0560274171513
06/12/23 01:30:00.000,33729.2,21.31,44790.2898145488,28.9463920995002
06/12/23 01:40:00.000,33831.1,21.36,44877.1725815874,29.0090466780871
06/12/23 01:50:00.000,33662.3,21.24,44764.6806602584,28.9279280439977
06/12/23 02:00:00.000,33619.7,21.34,44613.3806683231,28.8188761089156
06/12/23 02:10:00.000,33553.1,21.3,44561.1958648274,28.7812767539336
06/12/23 02:20:00.000,33598.4,21.3,44620.0208286276,28.823660874154
06/12/23 02:30:00.000,33611.7,21.29,44645.7609102306,28.8422097312626
06/12/23 02:40:00.000,33694.4,21,45027.2864350761,29.1173455081219
06/12/23 02:50:00.000,33710.4,20.86,45180.2765290467,29.2277790925677
06/12/23 03:00:00.000,33635.7,21.15,44805.1283570753,28.9570913782869
06/12/23 03:10:00.000,33758.6,20.11,45966.4481823262,29.7962145755794
06/12/23 03:20:00.000,33828.4,20.24,45932.8377758169,29.7718803369248
06/12/23 03:30:00.000,33833.8,20.33,45851.1747227506,29.7127676284326
06/12/23 03:40:00.000,33831.1,20.27,45904.6815166398,29.7514971821717
06/12/23 03:50:00.000,33893,20.13,46124.2796789088,29.9105247747892
06/12/23 04:00:00.000,33841.8,20.11,46073.0839028422,29.8734389914942
06/12/23 04:10:00.000,33938.8,20.17,46144.6236600482,29.9252636477251
06/12/23 04:20:00.000,33946.9,20.17,46154.3303350354,29.9322963449334
06/12/23 04:30:00.000,33946.9,20.17,46153.0480496551,29.9313672874249
06/12/23 04:40:00.000,33925.3,20.14,46151.9053847164,29.9305393930256
06/12/23 04:50:00.000,33909.2,20.13,46138.5854505616,29.9208889555025
06/12/23 05:00:00.000,33909.2,20.08,46186.43364988,29.9555576161769
06/12/23 05:10:00.000,33906.5,20.13,46132.3561082367,29.9163758852411
06/12/23 05:20:00.000,33901.1,20.25,46006.2199642828,29.8250134508355
06/12/23 05:30:00.000,33925.3,20.27,46018.1593891662,29.8336596189565
06/12/23 05:40:00.000,33930.7,20.16,46131.9097201829,29.916052487242
06/12/23 05:50:00.000,33906.5,20.24,46019.4718889732,29.8346101136853
06/12/23 06:00:00.000,33917.2,20.24,46032.6838567242,29.8441782894383
06/12/23 06:10:00.000,33936.1,20.23,46066.78628373,29.8688775143614
06/12/23 06:20:00.000,33879.5,20.23,45988.841960153,29.8124294828162
06/12/23 06:30:00.000,33893,20.2,46035.1912925302,29.8459942380549
06/12/23 06:40:00.000,33871.4,20.18,46024.2044120416,29.83803738002
06/12/23 06:50:00.000,33863.4,20.16,46031.6539599297,29.843432416728
06/12/23 07:00:00.000,33884.9,20.14,46079.1357362619,29.8778225375597
06/12/23 07:10:00.000,33884.9,20.14,46077.8549706528,29.8768948282042
06/12/23 07:20:00.000,33841.8,20.28,45881.3613672101,29.7346165720222
06/12/23 07:30:00.000,33820.3,20.24,45889.9727557494,29.7408498812036
06/12/23 07:40:00.000,33723.8,20.49,45516.0487271793,29.4703623074647
06/12/23 07:50:00.000,33641,20.52,45374.4336244215,29.3680151820768
06/12/23 08:00:00.000,33649,20.4,45499.4512987776,29.4583644570735
06/12/23 08:10:00.000,33553.1,20.61,45167.5267272248,29.218573539698
06/12/23 08:20:00.000,33470.9,20.61,45055.8368348288,29.1379496088101
06/12/23 08:30:00.000,33378.4,20.76,44788.203694313,28.9448879553577
06/12/23 08:40:00.000,33286.2,20.78,44644.6369933994,28.8413997769142
06/12/23 08:50:00.000,33278.4,20.79,44623.5413268943,28.8261977201437
06/12/23 09:00:00.000,33223.3,20.76,44576.7568942931,28.7924878014558
06/12/23 09:10:00.000,33228.5,20.78,44563.6746422115,28.7830625638134
06/12/23 09:20:00.000,33244.2,20.65,44705.9845477375,28.8856148567099
06/12/23 09:30:00.000,33341.5,20.52,44958.7760234788,29.0679118408206
06/12/23 09:40:00.000,33307.3,20.74,44703.1423371198,28.8835661732262
06/12/23 09:50:00.000,33270.5,20.8,44596.119907503,28.8064388857612
06/12/23 10:00:00.000,33257.4,20.86,44521.0129889829,28.7523296223079
06/12/23 10:10:00.000,33357.3,20.74,44766.3879168177,28.9291589137352
06/12/23 10:20:00.000,33286.2,20.81,44603.9973681745,28.8121148864792
06/12/23 10:30:00.000,33391.6,20.71,44838.2235665483,28.9809566066814
06/12/23 10:40:00.000,33407.4,20.73,44839.2178990944,28.981673671755
06/12/23 10:50:00.000,33370.5,20.66,44854.7928502772,28.9929059141112
06/12/23 11:00:00.000,33457.7,20.61,45018.0690557705,29.1106940070471
06/12/23 11:10:00.000,33486.8,20.61,45055.8939411685,29.137990823113
06/12/23 11:20:00.000,33478.9,20.68,44977.4570733351,29.0813899481189
06/12/23 11:30:00.000,33508,20.64,45053.2784924268,29.1361032322564
06/12/23 11:40:00.000,33516,20.7,45005.6877631785,29.1017596880368
06/12/23 11:50:00.000,33625,20.71,45140.9873349932,29.199413032476
06/12/23 12:00:00.000,33595.7,20.61,45195.8432712689,29.2390190869195
06/12/23 12:10:00.000,33675.7,20.57,45340.3246938599,29.3433719088453
06/12/23 12:20:00.000,33750.6,20.53,45478.1706412233,29.4429822578733
06/12/23 12:30:00.000,33713.1,20.61,45349.6845574548,29.3501339946498
06/12/23 12:40:00.000,33839.1,20.44,45681.6110461913,29.5900817662619
06/12/23 12:50:00.000,33742.5,20.48,45511.6275103423,29.4671662553266
06/12/23 13:00:00.000,33678.4,20.6,45308.8947387726,29.3206668107833
06/12/23 13:10:00.000,33553.1,20.85,44901.8584563752,29.0268521812575
06/12/23 13:20:00.000,33721.1,20.61,45354.1150055629,29.3533348752368
06/12/23 13:30:00.000,33817.6,20.57,45520.8631729985,29.4738426779327
06/12/23 13:40:00.000,33841.8,20.5,45619.6199848,29.5452472767482
06/12/23 13:50:00.000,33855.3,20.48,45655.8390298011,29.571441183165
06/12/23 14:00:00.000,33868.7,20.44,45711.3117238802,29.611566018081
06/12/23 14:10:00.000,33936.1,20.4,45839.6558892419,29.7044309705213
06/12/23 14:20:00.000,33919.9,20.42,45797.1273173112,29.6736542286871
06/12/23 14:30:00.000,34028.1,20.37,45990.3498686746,29.8135213768502
06/12/23 14:40:00.000,34003.7,20.39,45936.6794291518,29.7746615819686
06/12/23 14:50:00.000,34025.4,20.45,45906.253532606,29.7526351577229
06/12/23 15:00:00.000,34041.7,20.45,45926.9216680265,29.7675973214021
06/12/23 15:10:00.000,34033.5,20.53,45836.9145683844,29.7024470130184
06/12/23 15:20:00.000,34047.1,20.5,45883.0362536654,29.7358289150327
06/12/23 15:30:00.000,34038.9,20.57,45802.8547022732,29.6777987069026
06/12/23 15:40:00.000,34011.8,20.53,45803.9226026573,29.6785714754994
06/12/23 15:50:00.000,34025.4,20.53,45820.9254503817,29.6908757018436
06/12/23 16:00:00.000,34009.1,20.53,45797.7441010571,29.6741005446998
06/12/23 16:10:00.000,33911.9,20.74,45463.690696584,29.4325164520983
06/12/23 16:20:00.000,33836.5,20.75,45351.9679851418,29.3517837039443
06/12/23 16:30:00.000,33890.3,20.71,45461.0263319387,29.4305907629219
06/12/23 16:40:00.000,33898.4,20.91,45279.3528308191,29.2993279606054
06/12/23 16:50:00.000,33906.5,20.79,45403.5048776635,29.3890211586488
06/12/23 17:00:00.000,33928,20.64,45575.0103230099,29.5129898408614
06/12/23 17:10:00.000,33901.1,20.58,45595.459798734,29.5277763088068
06/12/23 17:20:00.000,33911.9,20.78,45416.5031729633,29.3984140225989
06/12/23 17:30:00.000,33936.1,20.61,45610.9648268932,29.5389882954835
06/12/23 17:40:00.000,33936.1,20.66,45561.5420186631,29.5032518578533
06/12/23 17:50:00.000,33965.9,20.65,45609.8346087008,29.5381709919072
06/12/23 18:00:00.000,34052.5,20.6,45772.9495175692,29.6561594997776
06/12/23 18:10:00.000,34030.8,20.69,45655.6916580497,29.571334595893
06/12/23 18:20:00.000,34060.6,20.66,45723.272310837,29.6202184560041
06/12/23 18:30:00.000,34052.5,20.7,45672.562650067,29.5835369780422
06/12/23 18:40:00.000,34030.8,20.68,45661.5157016147,29.5755469036733
06/12/23 18:50:00.000,34025.4,20.68,45653.0127677229,29.5693970863214
06/12/23 19:00:00.000,34044.4,20.69,45667.5427307862,29.5799061149242
06/12/23 19:10:00.000,34082.4,20.69,45717.1443140388,29.6157853407137
06/12/23 19:20:00.000,34066.1,20.7,45684.4062174521,29.5921035818902
06/12/23 19:30:00.000,34036.2,20.69,45652.7497513929,29.5692068605444
06/12/23 19:40:00.000,34022.7,20.7,45623.7752845291,29.5482522519722
06/12/23 19:50:00.000,34036.2,20.64,45698.4293502184,29.6022471591775
06/12/23 20:00:00.000,34036.2,20.7,45639.3009757426,29.5594803105137
06/12/23 20:10:00.000,34028.1,20.76,45569.4713749976,29.5089849609344
06/12/23 20:20:00.000,34022.7,20.78,45541.7755930616,29.4889609907803
06/12/23 20:30:00.000,34014.6,20.83,45481.7348999886,29.4455585133742
06/12/23 20:40:00.000,34028.1,20.83,45498.4848666863,29.4576658702042
06/12/23 20:50:00.000,34020,20.84,45476.8265577959,29.442010759358
06/12/23 21:00:00.000,34011.8,20.84,45464.6188190208,29.4331872637133
06/12/23 21:10:00.000,33990.2,20.8,45472.8422985947,29.439130978876
06/12/23 21:20:00.000,33960.4,20.8,45431.7842885888,29.4094570600551
06/12/23 21:30:00.000,33893,20.83,45311.868187359,29.3228147305362
06/12/23 21:40:00.000,32404.1,20.83,43323.7116576008,27.8917265537794
06/12/23 21:50:00.000,34025.4,20.85,45466.851358813,29.4348008676762
06/12/23 22:00:00.000,33974,20.8,45444.8787827717,29.4189203932888
06/12/23 22:10:00.000,33990.2,20.81,45455.6601506887,29.4267123712851
06/12/23 22:20:00.000,33974,20.81,45432.7701859131,29.410169548359
06/12/23 22:30:00.000,33990.2,20.78,45481.8775114847,29.4456615940138
06/12/23 22:40:00.000,34020,20.71,45587.6672290482,29.5221415837427
06/12/23 22:50:00.000,33982.1,20.7,45545.3201434405,29.4915235804349
06/12/23 23:00:00.000,33998.3,20.76,45508.0791396033,29.4646012109928
06/12/23 23:10:00.000,33992.9,20.76,45499.5966776552,29.4584695446183
06/12/23 23:20:00.000,34006.4,20.81,45468.4133500481,29.4359298295273
06/12/23 23:30:00.000,33998.3,20.79,45475.501539064,29.4410530452799
06/12/23 23:40:00.000,34006.4,20.83,45446.7234747292,29.4202535794642
06/12/23 23:50:00.000,34028.1,20.91,45397.8697365826,29.3849492124849
06/13/23 00:00:00.000,34085.1,21,45386.5287392368,29.3767544689969
06/13/23 00:10:00.000,34068.8,21.03,45335.0130478804,29.3395345807197
06/13/23 00:20:00.000,34038.9,21.04,45284.5198215429,29.3030600436957
06/13/23 00:30:00.000,33963.2,20.99,45230.2239093958,29.263845898365
06/13/23 00:40:00.000,33941.5,21,45190.6170150259,29.2352453896154
06/13/23 00:50:00.000,33995.6,21,45261.2570051258,29.2862580073692
06/13/23 01:00:00.000,33903.8,21.01,45128.5092713016,29.190404936197
06/13/23 01:10:00.000,33995.6,20.93,45325.3988815589,29.3325891384399
06/13/23 01:20:00.000,34057.9,20.96,45378.4034479737,29.3708835240406
06/13/23 01:30:00.000,34025.4,20.9,45391.1727160692,29.3801100597113
06/13/23 01:40:00.000,34020,20.83,45449.6582547558,29.4223746064501
06/13/23 01:50:00.000,34028.1,20.65,45632.1220188665,29.55428846803
06/13/23 02:00:00.000,33984.8,20.6,45621.0688752356,29.5462950613153
06/13/23 02:10:00.000,33976.7,20.54,45666.846489475,29.5794025348676
06/13/23 02:20:00.000,33987.5,20.5,45718.7394011503,29.6169392493061
06/13/23 02:30:00.000,33955,20.45,45722.2169449399,29.6194549763579
06/13/23 02:40:00.000,33941.5,20.37,45780.3557945861,29.6615184221727
06/13/23 02:50:00.000,33919.9,20.35,45769.417095085,29.6536036123255
06/13/23 03:00:00.000,33925.3,20.33,45794.8382067476,29.6719977949072
06/13/23 03:10:00.000,33949.6,20.32,45836.0177602231,29.7017979763348
06/13/23 03:20:00.000,33971.3,20.3,45883.4460069506,29.7361255102831
06/13/23 03:30:00.000,33963.2,20.29,45880.9881709901,29.7343464401668
06/13/23 03:40:00.000,33941.5,20.28,45860.1928903911,29.7192946884106
06/13/23 03:50:00.000,33979.4,20.28,45910.011615649,29.7553556434743
06/13/23 04:00:00.000,33965.9,20.3,45871.0501427992,29.7271530958539
06/13/23 04:10:00.000,33979.4,20.28,45907.450588069,29.7535017052437
06/13/23 04:20:00.000,33974,20.24,45937.8994144496,29.7755448236906
06/13/23 04:30:00.000,33979.4,20.2,45982.9730871221,29.8081798193959
06/13/23 04:40:00.000,33971.3,20.18,45990.3035701222,29.8134878514451
06/13/23 04:50:00.000,33987.5,20.17,46020.6882417318,29.8354909839596
06/13/23 05:00:00.000,33990.2,20.01,46180.0878092847,29.9509593667852
06/13/23 05:10:00.000,33936.1,20.24,45880.3635922922,29.7338943501001
06/13/23 05:20:00.000,33952.3,20.14,45998.6255225804,29.8195139776247
06/13/23 05:30:00.000,26902,20.28,36354.3705053913,22.9568587781859
06/13/23 05:40:00.000,33944.2,20.3,45829.0200651475,29.6967336856651
06/13/23 05:50:00.000,33919.9,20.2,45892.3856224561,29.7425964564669
06/13/23 06:00:00.000,33930.7,20.16,45944.7453991266,29.780501232393
06/13/23 06:10:00.000,33952.3,20.14,45992.2089848941,29.8148675924797
06/13/23 06:20:00.000,33917.2,20.02,46061.0306693064,29.8647087098189
06/13/23 06:30:00.000,33879.5,19.93,46097.0549055776,29.8908025442808
06/13/23 06:40:00.000,33895.7,20.04,46009.7174542646,29.8275461887524
06/13/23 06:50:00.000,33914.6,20.11,45965.460038917,29.7954991094379
06/13/23 07:00:00.000,33914.6,20.19,45886.0225289815,29.7379905062974
06/13/23 07:10:00.000,33928,20.14,45951.6701717117,29.7855148049441
06/13/23 07:20:00.000,33938.8,20.14,45964.9824802701,29.79515333356
06/13/23 07:30:00.000,33893,20.13,45911.576624845,29.7564885682529
06/13/23 07:40:00.000,33909.2,20.09,45971.3131730603,29.79973711312
06/13/23 07:50:00.000,33925.3,20.09,45991.8078653721,29.8145771347024
06/13/23 08:00:00.000,33925.3,20.13,45951.3858585514,29.785308958266
06/13/23 08:10:00.000,33914.6,20.14,45925.8700911376,29.7668360329558
06/13/23 08:20:00.000,33938.8,20.18,45918.2037324845,29.7612860630656
06/13/23 08:30:00.000,33930.7,20.19,45896.2279363665,29.7453777807911
06/13/23 08:40:00.000,33879.5,20.12,45894.1294711062,29.7438587662976
06/13/23 08:50:00.000,33930.7,20.14,45942.4940208112,29.7788712489094
06/13/23 09:00:00.000,33922.6,20.17,45900.9687885242,29.7488095795469
06/13/23 09:10:00.000,33901.1,20.04,45997.7692146097,29.8188938961996
06/13/23 09:20:00.000,33863.4,20.12,45867.2462397431,29.724399821555
06/13/23 09:30:00.000,33890.3,20.22,45804.8041855717,29.6792094207218
06/13/23 09:40:00.000,33911.9,20.23,45822.9167708223,29.6923167829774
06/13/23 09:50:00.000,33911.9,20.24,45811.9028606269,29.6843463509887
06/13/23 10:00:00.000,33804.2,20.13,45772.3832282367,29.6557497584671
06/13/23 10:10:00.000,33858,20.06,45912.1611928692,29.7569117441198
06/13/23 10:20:00.000,33893,20.19,45831.2675099337,29.698360166618
06/13/23 10:30:00.000,33852.6,20.28,45688.0258209519,29.5947217593123
06/13/23 10:40:00.000,33847.2,20.28,45679.477893836,29.5885388185771
06/13/23 10:50:00.000,33863.4,20.37,45612.8221516781,29.5403314045012
06/13/23 11:00:00.000,33809.6,20.45,45462.0817701475,29.4313535864801
06/13/23 11:10:00.000,33823,20.52,45411.4388249419,29.3947543578229
06/13/23 11:20:00.000,33906.5,20.59,45454.7025256244,29.4260202583852
06/13/23 11:30:00.000,33917.2,20.58,45477.3622169794,29.4423979312722
06/13/23 11:40:00.000,33984.8,20.61,45537.6639272643,29.4859884363756
06/13/23 11:50:00.000,33963.2,20.54,45574.9115102233,29.5129183945921
06/13/23 12:00:00.000,33917.2,20.63,45425.521890459,29.4049314083687
06/13/23 12:10:00.000,33971.3,20.66,45467.7439874551,29.4354460329382
06/13/23 12:20:00.000,33849.9,20.68,45285.1805661499,29.303537300091
06/13/23 12:30:00.000,33831.1,20.76,45182.4725757313,29.2293647142613
06/13/23 12:40:00.000,33887.6,20.76,45256.522785134,29.28283879241
06/13/23 12:50:00.000,33879.5,20.8,45206.3209304234,29.2465848507777
06/13/23 13:00:00.000,33917.2,20.89,45169.5546888268,29.2200377311623
06/13/23 13:10:00.000,33901.1,20.93,45108.9030458415,29.1762517255466
06/13/23 13:20:00.000,33928,21.04,45039.0993698221,29.1258703494983
06/13/23 13:30:00.000,33936.1,21.1,44991.8575564648,29.0917803019303
06/13/23 13:40:00.000,33911.9,21.19,44873.7825486245,29.0066016273715
06/13/23 13:50:00.000,33928,21.25,44837.3934697736,28.9803579825421
06/13/23 14:00:00.000,33925.3,21.35,44738.8463963823,28.9093033986643
06/13/23 14:10:00.000,33903.8,21.24,44812.346719928,28.962296358555
06/13/23 14:20:00.000,33938.8,21.32,44782.2143802224,28.9405695745091
06/13/23 14:30:00.000,33933.4,21.26,44830.1170053461,28.9751106375392
06/13/23 14:40:00.000,34006.4,21.35,44840.6122322995,28.9826792024634
06/13/23 14:50:00.000,33976.7,21.41,44744.1041862381,28.9130937473758
06/13/23 15:00:00.000,33982.1,21.56,44610.0575148672,28.8164815544353
06/13/23 15:10:00.000,34022.7,21.62,44606.2094635907,28.8137088115327
06/13/23 15:20:00.000,33990.2,21.55,44627.4862218773,28.8290404213646
06/13/23 15:30:00.000,34082.4,21.24,45037.9478330278,29.1250393235554
06/13/23 15:40:00.000,34036.2,21.35,44872.3185547829,29.0055457355282
06/13/23 15:50:00.000,34030.8,21.29,44920.3100739812,29.040162045706
06/13/23 16:00:00.000,34036.2,21.3,44916.7690836952,29.037607724636
06/13/23 16:10:00.000,34052.5,21.25,44984.0501684743,29.0861469855056
06/13/23 16:20:00.000,34030.8,21.36,44850.8155284314,28.9900375154858
06/13/23 16:30:00.000,34066.1,21.29,44961.8021849748,29.0700951115631
06/13/23 16:40:00.000,34047.1,21.12,45095.874700791,29.166847458388
06/13/23 16:50:00.000,34109.5,20.84,45443.811213273,29.418148849011
06/13/23 17:00:00.000,34161.2,20.96,45396.5056909377,29.3839635670188
06/13/23 17:10:00.000,34136.7,20.98,45343.668774129,29.3457878324681
06/13/23 17:20:00.000,34115,21.03,45266.0446528516,29.2897158683026
06/13/23 17:30:00.000,34136.7,21.06,45264.9925575085,29.288955991261
06/13/23 17:40:00.000,34120.4,21.15,45156.7906133934,29.2108222249867
06/13/23 17:50:00.000,34136.7,21.17,45158.1219950836,29.2117834466769
06/13/23 18:00:00.000,34115,21.07,45222.9792994536,29.2586141961321
06/13/23 18:10:00.000,34136.7,21.17,45155.596994788,29.2099604684087
06/13/23 18:20:00.000,34112.2,21.31,44989.8705052696,29.0903465568129
06/13/23 18:30:00.000,34136.7,21.15,45172.0108029948,29.2218110636249
06/13/23 18:40:00.000,34142.2,21.32,45017.4347757881,29.1102363021307
06/13/23 18:50:00.000,34112.2,21.32,44976.6857980506,29.0808334663663
06/13/23 19:00:00.000,34117.7,21.44,44869.977717821,29.0038574402733
06/13/23 19:10:00.000,34125.8,21.37,44945.050485859,29.058009636781
06/13/23 19:20:00.000,34098.7,21.15,45115.504564049,29.1810170747726
06/13/23 19:30:00.000,34120.4,21.3,45001.2756492564,29.0985760097797
06/13/23 19:40:00.000,34106.8,21.19,45085.8547591341,29.1596150482146
06/13/23 19:50:00.000,34090.5,21.42,44846.7250128925,28.9870875253953
06/13/23 20:00:00.000,34164,21.57,44801.5458281192,28.954508156444
06/13/23 20:10:00.000,34095.9,21.21,45048.8040764508,29.1328740503066
06/13/23 20:20:00.000,34123.1,21.48,44829.5734418465,28.9747186579745
06/13/23 20:30:00.000,34166.7,21.82,44568.8514604512,28.786792200825
06/13/23 20:40:00.000,34093.2,21.53,44741.1438876585,28.9109596548563
06/13/23 20:50:00.000,34115,21.7,44610.1781317638,28.8165684664839
06/13/23 21:00:00.000,34123.1,21.86,44471.3629829314,28.7165682685653
06/13/23 21:10:00.000,34085.1,21.85,44429.888937142,28.6867006811299
06/13/23 21:20:00.000,34085.1,21.86,44419.4218399015,28.6791634892178
06/13/23 21:30:00.000,34068.8,21.91,44350.9165846369,28.6298409165591
06/13/23 21:40:00.000,34090.5,21.9,44387.095256129,28.6558874107501
06/13/23 21:50:00.000,34074.2,21.96,44309.4801231384,28.6000132779683
06/13/23 22:00:00.000,34074.2,21.96,44308.2405169989,28.5991210277062
06/13/23 22:10:00.000,34028.1,21.93,44274.6734677713,28.5749614682094
06/13/23 22:20:00.000,33992.9,21.93,44227.6978657031,28.5411561185306
06/13/23 22:30:00.000,33957.7,21.87,44235.7713292619,28.5469656705325
06/13/23 22:40:00.000,33936.1,21.85,44224.7976003535,28.5390691690635
06/13/23 22:50:00.000,33911.9,21.76,44274.7971863233,28.5750505080993
06/13/23 23:00:00.000,33898.4,21.78,44237.5592807615,28.5482522783189
06/13/23 23:10:00.000,33839.1,21.77,44168.2275153568,28.4983672710209
06/13/23 23:20:00.000,33855.3,21.75,44206.4877837107,28.5258944410336
06/13/23 23:30:00.000,33868.7,21.75,44222.7224419247,28.5375759566928
06/13/23 23:40:00.000,33721.1,21.73,44047.3623144074,28.4114330633973
06/13/23 23:50:00.000,33678.4,21.71,44008.7466969723,28.3836661295452
06/14/23 00:00:00.000,33649,21.7,43978.3058609266,28.3617800691994
06/14/23 00:10:00.000,33673,21.65,44054.238343217,28.4163777428947
06/14/23 00:20:00.000,33627.7,21.61,44030.5096902333,28.39931454657
06/14/23 00:30:00.000,33606.3,21.53,44074.7694129857,28.4311427422484
06/14/23 00:40:00.000,33577.1,21.52,44044.4891581583,28.4093669598043
06/14/23 00:50:00.000,33587.7,21.52,44057.1393126437,28.4184639203287
06/14/23 01:00:00.000,33601,21.51,44082.524012724,28.4367197765739
06/14/23 01:10:00.000,33593,21.46,44116.8432421921,28.4614037059311
06/14/23 01:20:00.000,33601,21.46,44126.0979625453,28.4680606371119
06/14/23 01:30:00.000,33593,21.44,44132.8078857075,28.4728872311204
06/14/23 01:40:00.000,33558.5,21.44,44086.3199284913,28.4394498197331
06/14/23 01:50:00.000,33486.8,21.37,44055.4607846702,28.4172568359511
06/14/23 02:00:00.000,33486.8,21.34,44081.8833169564,28.4362589883849
06/14/23 02:10:00.000,33500.1,21.29,44144.3030256366,28.4811562062815
06/14/23 02:20:00.000,33494.7,21.26,44163.701435931,28.4951111363692
06/14/23 02:30:00.000,33697.1,21.16,44522.1029935644,28.753114790033
06/14/23 02:40:00.000,33785.4,21.07,44721.707642989,28.8969485400389
06/14/23 02:50:00.000,33777.4,21.05,44728.6686145182,28.9019664227264
06/14/23 03:00:00.000,33777.4,21.01,44765.0227537931,28.9281746803625
06/14/23 03:10:00.000,33769.3,20.98,44781.2859296702,28.9399001567017
06/14/23 03:20:00.000,33780.1,20.98,44794.3278559655,28.9493036588265
06/14/23 03:30:00.000,33737.2,20.94,44773.9409618948,28.9346044740196
06/14/23 03:40:00.000,33772,20.94,44818.7869565439,28.9669403648788
06/14/23 03:50:00.000,33750.6,20.94,44789.1839634457,28.9455947521828
06/14/23 04:00:00.000,33809.6,20.86,44941.6979038275,29.0555910109973
06/14/23 04:10:00.000,33790.8,20.78,44991.2810690852,29.0913643398008
06/14/23 04:20:00.000,33823,20.73,45080.3292185658,29.1556268146239
06/14/23 04:30:00.000,33839.1,20.71,45119.5222110523,29.1839172945329
06/14/23 04:40:00.000,33817.6,20.73,45070.6209730386,29.1486197718795
06/14/23 04:50:00.000,33855.3,20.7,45148.0807333039,29.2045340389079
06/14/23 05:00:00.000,33919.9,20.69,45242.3447545934,29.2725992806979
06/14/23 05:10:00.000,33965.9,20.61,45378.9245590761,29.3712600487827
06/14/23 05:20:00.000,33960.4,20.57,45408.7004246455,29.3927755269964
06/14/23 05:30:00.000,33960.4,20.48,45493.9802329831,29.4544097207331
06/14/23 05:40:00.000,33941.5,20.4,45544.5616273192,29.4909751963005
06/14/23 05:50:00.000,33925.3,20.35,45569.8820080263,29.5092818622561
06/14/23 06:00:00.000,33941.5,20.29,45648.4041379122,29.5660639342683
06/14/23 06:10:00.000,33941.5,20.23,45705.331764171,29.6072401783581
06/14/23 06:20:00.000,33957.7,20.19,45764.7084000163,29.650196681619
06/14/23 06:30:00.000,33919.9,20.19,45712.5957831828,29.6124949050041
06/14/23 06:40:00.000,33911.9,20.17,45719.9966312877,29.6178487519871
06/14/23 06:50:00.000,33928,20.34,45575.5081324388,29.5133497807586
06/14/23 07:00:00.000,33922.6,20.53,45383.9350316764,29.3748803621218
06/14/23 07:10:00.000,33866.1,20.47,45364.8075500617,29.3610601613855
06/14/23 07:20:00.000,33887.6,20.38,45478.9268930194,29.4435288759078
06/14/23 07:30:00.000,33909.2,20.42,45468.0115761914,29.4356394384658
06/14/23 07:40:00.000,33871.4,20.34,45493.2630642583,29.4538913241141
06/14/23 07:50:00.000,33879.5,20.4,45444.9834814808,29.418996060361
06/14/23 08:00:00.000,33887.6,20.39,45464.1891490417,29.4328767143109
06/14/23 08:10:00.000,33909.2,20.39,45491.8328992979,29.4528575508562
06/14/23 08:20:00.000,33903.8,20.45,45425.5346802098,29.4049406510442
06/14/23 08:30:00.000,33917.2,20.52,45374.8823891955,29.3683394289231
06/14/23 08:40:00.000,33917.2,20.58,45316.0625715348,29.3258446519689
06/14/23 08:50:00.000,33930.7,20.48,45428.809122393,29.4073069820223
06/14/23 09:00:00.000,33863.4,20.69,45136.7675332161,29.1963666511404
06/14/23 09:10:00.000,33841.8,20.63,45163.9641038147,29.2160013456269
06/14/23 09:20:00.000,33817.6,20.61,45149.5443774401,29.2055907179555
06/14/23 09:30:00.000,33780.1,20.86,44861.0595635643,28.9974254781404
06/14/23 09:40:00.000,33750.6,20.84,44839.5852169552,28.9819385644719
06/14/23 09:50:00.000,33785.4,20.9,44827.7990797091,28.9734391187519
06/14/23 10:00:00.000,33772,21.03,44686.4580378886,28.871540444268
06/14/23 10:10:00.000,33852.6,21.11,44716.4826659141,28.893182147581
06/14/23 10:20:00.000,33866.1,21.21,44639.3177986523,28.8375665259783
06/14/23 10:30:00.000,33906.5,21.32,44588.4056557651,28.800880638221
06/14/23 10:40:00.000,33893,21.41,44485.6341117953,28.7268466669712
06/14/23 10:50:00.000,33844.5,21.34,44485.8918826586,28.7270323243653
06/14/23 11:00:00.000,33841.8,21.45,44378.9459457376,28.6500200965311
06/14/23 11:10:00.000,33928,21.58,44370.0420422067,28.6436096887817
06/14/23 11:20:00.000,33933.4,21.63,44329.6351470382,28.6145211244266
06/14/23 11:30:00.000,33946.9,21.75,44235.3765547371,28.5466815923639
06/14/23 11:40:00.000,34014.6,21.73,44340.6670094768,28.6224624456775
06/14/23 11:50:00.000,33949.6,21.81,44181.2684423535,28.5077494205405
06/14/23 12:00:00.000,34038.9,21.82,44286.8748738286,28.58374297574
06/14/23 12:10:00.000,34028.1,21.86,44234.8370571358,28.5462933726996
06/14/23 12:20:00.000,34147.6,22.12,44150.1887284676,28.4853901912768
06/14/23 12:30:00.000,33998.3,22.23,43856.3228351681,28.2741019279214
06/14/23 12:40:00.000,34033.5,22.35,43791.8528143003,28.2277781485796
06/14/23 12:50:00.000,34191.2,22.39,43957.0437058341,28.3464946302875
06/14/23 13:00:00.000,34188.5,22.55,43807.8229960325,28.2392522345529
06/14/23 13:10:00.000,34218.5,22.52,43872.0526384705,28.2854059286544
06/14/23 13:20:00.000,34180.3,22.58,43767.8691600473,28.2105478683173
06/14/23 13:30:00.000,34164,22.69,43647.0758058738,28.1237904284792
06/14/23 13:40:00.000,34117.7,22.78,43506.3794099912,28.0227856637759
06/14/23 13:50:00.000,34109.5,22.84,43441.2779962705,27.9760672615086
06/14/23 14:00:00.000,34101.4,22.88,43394.2005615658,27.9422901618386
06/14/23 14:10:00.000,34131.3,22.93,43386.5868110082,27.9368279908105
06/14/23 14:20:00.000,34139.5,23,43333.7267557361,27.8989098707728
06/14/23 14:30:00.000,34115,23.05,43257.2374255605,27.8440545856096
06/14/23 14:40:00.000,34180.3,23.1,43294.543723166,27.8708073702966
06/14/23 14:50:00.000,34196.7,23.09,43322.924271708,27.8911618132324
06/14/23 15:00:00.000,34196.7,23.14,43277.5429432571,27.8586154633573
06/14/23 15:10:00.000,34164,23.16,43217.3510301965,27.815455576433
06/14/23 15:20:00.000,34188.5,23.18,43229.4778575124,27.8241502158773
06/14/23 15:30:00.000,34188.5,23.18,43228.264902574,27.8232805395926
06/14/23 15:40:00.000,34210.3,23.16,43272.2318869159,27.8548068562214
06/14/23 15:50:00.000,34196.7,23.08,43324.4724548922,27.892272225584
06/14/23 16:00:00.000,34158.5,23.04,43310.2561535774,27.8820760193723
06/14/23 16:10:00.000,34153.1,22.94,43390.7837999494,27.9398389286767
06/14/23 16:20:00.000,34210.3,22.26,44073.687755801,28.4303648370495
06/14/23 16:30:00.000,34172.1,22.83,43510.3074407007,28.0256048681924
06/14/23 16:40:00.000,34185.8,22.02,44258.810185648,28.5635450367185
06/14/23 16:50:00.000,34256.8,21.81,44542.9869525285,28.7681588147403
06/14/23 17:00:00.000,34284.2,21.88,44512.5670960489,28.7462458595466
06/14/23 17:10:00.000,34300.6,21.96,44458.7456664644,28.7074814220243
06/14/23 17:20:00.000,34292.4,21.94,44465.318568357,28.7122150992788
06/14/23 17:30:00.000,34308.8,21.93,44494.5327107597,28.7332559106193
06/14/23 17:40:00.000,34275.9,21.93,44450.6748956565,28.7016691609599
06/14/23 17:50:00.000,34317,21.9,44530.3572358465,28.7590607036606
06/14/23 18:00:00.000,34297.9,22.03,44384.5884668247,28.6540825624113
06/14/23 18:10:00.000,34308.8,21.88,44535.7111171038,28.7629174466852
06/14/23 18:20:00.000,34262.3,21.94,44418.8598827144,28.6787588406949
06/14/23 18:30:00.000,34292.4,21.83,44558.1826945007,28.7791059674554
06/14/23 18:40:00.000,34270.5,21.87,44491.5496787401,28.731107349738
06/14/23 18:50:00.000,34248.6,21.78,44545.1016897059,28.7696822552294
06/14/23 19:00:00.000,34262.3,21.82,44524.6239462996,28.7549307305881
06/14/23 19:10:00.000,34256.8,21.83,44506.991400564,28.7422296641091
06/14/23 19:20:00.000,34226.7,21.67,44614.8711777755,28.8199501299873
06/14/23 19:30:00.000,34240.4,21.7,44603.5930452574,28.8118235530201
06/14/23 19:40:00.000,34248.6,21.7,44613.0066473265,28.8186066003322
06/14/23 19:50:00.000,34226.7,21.7,44583.2687446006,28.7971794928617
06/14/23 20:00:00.000,34218.5,21.58,44682.8749231003,28.868957896173
06/14/23 20:10:00.000,34161.2,22.64,43639.3049248993,28.1182104402285
06/14/23 20:20:00.000,34164,22.78,43516.4828236314,28.0300371106225
06/14/23 20:30:00.000,34161.2,22.34,43907.0915197767,28.3105884264096
06/14/23 20:40:00.000,34147.6,22.23,43988.1493554883,28.3688569883646
06/14/23 20:50:00.000,34125.8,22.07,44104.5431820514,28.4525566008923
06/14/23 21:00:00.000,34139.5,22.32,43893.6389761427,28.3009196870334
06/14/23 21:10:00.000,34147.6,22.72,43543.0434842743,28.049101554901
06/14/23 21:20:00.000,34139.5,22.86,43406.7855604102,27.9513190792634
06/14/23 21:30:00.000,34028.1,22.8,43317.2644157396,27.8871024150078
06/14/23 21:40:00.000,34095.9,22.38,43778.5245865383,28.2182027308675
06/14/23 21:50:00.000,34177.6,22.5,43773.7664327116,28.2147844349864
06/14/23 22:00:00.000,34001,22.83,43252.5586561676,27.8406996398648
06/14/23 22:10:00.000,34150.3,22.54,43700.4090236412,28.1620913006364
06/14/23 22:20:00.000,33971.3,22.83,43212.3845399769,27.8118948342067
06/14/23 22:30:00.000,34044.4,22.55,43553.632177671,28.0567023105303
06/14/23 22:40:00.000,33960.4,22.67,43338.0717085812,27.9020263638405
06/14/23 22:50:00.000,33990.2,22.62,43419.4063231846,27.9603740673512
06/14/23 23:00:00.000,33946.9,22.54,43434.3015389733,27.971061432994
06/14/23 23:10:00.000,33764,22.63,43119.4660390884,27.7452883980746
06/14/23 23:20:00.000,33844.5,22.49,43345.5594431371,27.9073971866887
06/14/23 23:30:00.000,33662.3,22.59,43022.6545618152,27.6759152156583
06/14/23 23:40:00.000,33785.4,22.53,43231.9178227369,27.8258996575505
06/14/23 23:50:00.000,33713.1,22.5,43164.9272877895,27.777873422318
06/15/23 00:00:00.000,33678.4,22.47,43145.9739730193,27.7642877007956
06/15/23 00:10:00.000,33707.8,22.32,43316.1070279803,27.8862723161627
06/15/23 00:20:00.000,33713.1,22.26,43375.3830347952,27.9287905773994
06/15/23 00:30:00.000,33649,22.38,43184.7249778253,27.7920653869793
06/15/23 00:40:00.000,33635.7,22.34,43202.0868855681,27.8045120994396
06/15/23 00:50:00.000,33662.3,22.32,43252.8424210502,27.8409031139273
06/15/23 01:00:00.000,33683.7,22.28,43314.8381618087,27.8853622670331
06/15/23 01:10:00.000,33649,22.24,43304.8118062471,27.8781713670002
06/15/23 01:20:00.000,33686.4,22.07,43504.3614798646,28.0213373817032
06/15/23 01:30:00.000,33606.3,22.14,43336.9923328026,27.9012521582022
06/15/23 01:40:00.000,33593,22.12,43336.5746288561,27.9009525518171
06/15/23 01:50:00.000,33635.7,22.12,43390.3716343442,27.9395432372815
06/15/23 02:00:00.000,33614.3,22.09,43388.5139897219,27.938210551414
06/15/23 02:10:00.000,33593,22.07,43377.7955243137,27.9305212320626
06/15/23 02:20:00.000,33571.7,22.02,43394.0315821976,27.9421689329358
06/15/23 02:30:00.000,33529.2,21.98,43373.8993036122,27.9277261963151
06/15/23 02:40:00.000,33550.5,21.97,43409.1979398712,27.9530498513877
06/15/23 02:50:00.000,33500.1,21.92,43387.8376482385,27.9377253420266
06/15/23 03:00:00.000,33486.8,21.9,43387.4232822285,27.9374280752072
06/15/23 03:10:00.000,33521.3,21.87,43457.9037801442,27.9879972952743
06/15/23 03:20:00.000,33566.4,21.81,43569.3470110352,28.0679832376122
06/15/23 03:30:00.000,33502.7,21.77,43521.7353376218,28.0338070623654
06/15/23 03:40:00.000,33667.7,21.7,43798.2867759643,28.2324006733916
06/15/23 03:50:00.000,33510.7,21.68,43611.2686033145,28.0980798729045
06/15/23 04:00:00.000,33553.1,21.63,43710.6418571568,28.1694407796004
06/15/23 04:10:00.000,33460.3,21.58,43634.1558216033,28.1145131417439
06/15/23 04:20:00.000,33431.2,21.56,43613.2269741417,28.0994859511372
06/15/23 04:30:00.000,33396.9,21.55,43576.4118648856,28.0730549666813
06/15/23 04:40:00.000,33425.9,21.52,43640.2785093998,28.1189095274362
06/15/23 04:50:00.000,33441.8,21.52,43659.7779755825,28.1329117333505
06/15/23 05:00:00.000,33526.6,21.36,43915.6519271816,28.3167412871072
06/15/23 05:10:00.000,33563.8,21.3,44018.296255075,28.3905324729887
06/15/23 05:20:00.000,33702.4,21.17,44319.075108945,28.606919741822
06/15/23 05:30:00.000,33630.3,21.17,44223.1789398259,28.5379044358697
06/15/23 05:40:00.000,33638.3,21.1,44297.4502518066,28.5913545211803
06/15/23 05:50:00.000,33630.3,21.1,44285.687760569,28.5828885783041
06/15/23 06:00:00.000,33673,21.06,44377.8302445002,28.6492168308951
06/15/23 06:10:00.000,33617,21.1,44265.7136783148,28.568513238335
06/15/23 06:20:00.000,33675.7,21.04,44397.534521156,28.6634036896087
06/15/23 06:30:00.000,33630.3,21.05,44327.2238985356,28.6127854213766
06/15/23 06:40:00.000,33675.7,21.05,44385.7112178675,28.6548909232587
06/15/23 06:50:00.000,33667.7,21.04,44383.2601646542,28.6531262125984
06/15/23 07:00:00.000,33659.7,21.04,44371.4841587228,28.6446479335441
06/15/23 07:10:00.000,33673,21.04,44387.7372070278,28.6563496077733
06/15/23 07:20:00.000,33697.1,21.05,44408.870167359,28.6715656822071
06/15/23 07:30:00.000,33386.3,21.05,43998.7447881392,28.3764747887463
06/15/23 07:40:00.000,33659.7,21.04,44366.4909975025,28.6410531543302
06/15/23 07:50:00.000,33638.3,21.04,44337.0857867909,28.6198844566915
06/15/23 08:00:00.000,33643.7,21.04,44342.9431108611,28.6241009436028
06/15/23 08:10:00.000,33521.3,21.05,44171.3750350708,28.5006316787525
06/15/23 08:20:00.000,33909.2,20.98,44746.1295086825,28.9145538244225
06/15/23 08:30:00.000,33558.5,21.09,44180.6883723195,28.507332086284
06/15/23 08:40:00.000,33681,21.14,44293.9315601801,28.5888219383876
06/15/23 08:50:00.000,33378.4,21.11,43923.0677944751,28.3220716537619
06/15/23 09:00:00.000,33484.1,21.11,44060.6814237385,28.4210111921975
06/15/23 09:10:00.000,33593,21.12,44193.2129939252,28.5163431805476
06/15/23 09:20:00.000,33659.7,21.12,44279.5634509781,28.5784808053092
06/15/23 09:30:00.000,33614.3,21.14,44200.1436013402,28.5213297214877
06/15/23 09:40:00.000,33529.2,21.15,44077.9443724581,28.4334261240896
06/15/23 09:50:00.000,33484.1,21.17,43999.0537958926,28.3766969604706
06/15/23 10:00:00.000,33449.7,21.2,43925.0484865715,28.3234953569103
06/15/23 10:10:00.000,33349.4,21.22,43773.9671647798,28.2149286413306
06/15/23 10:20:00.000,33425.9,21.26,43836.2215259868,28.2596573381036
06/15/23 10:30:00.000,33378.4,21.36,43681.2601500599,28.1483388253376
06/15/23 10:40:00.000,33447.1,21.41,43724.0512387007,28.1790721458287
06/15/23 10:50:00.000,33433.9,21.45,43669.0735074072,28.1395870293653
06/15/23 11:00:00.000,33341.5,21.42,43574.6571079893,28.0717952468032
06/15/23 11:10:00.000,33389,21.57,43498.9630725874,28.0174629602379
06/15/23 11:20:00.000,33468.3,21.75,43437.7240646985,27.9735171875629
06/15/23 11:30:00.000,33502.7,21.77,43462.9995788771,27.9916539911901
06/15/23 11:40:00.000,33502.7,21.83,43407.6000835166,27.9519034607174
06/15/23 11:50:00.000,33566.4,21.87,43452.6744627824,27.9842448576558
06/15/23 12:00:00.000,33651.7,22.02,43426.3859622395,27.9653819094014
06/15/23 12:10:00.000,33601,22.06,43323.9061592038,27.8918660573413
06/15/23 12:20:00.000,33643.7,22.14,43305.9003618706,27.8789520662395
06/15/23 12:30:00.000,33635.7,22.17,43267.5408754932,27.8514429498335
06/15/23 12:40:00.000,33678.4,22.17,43321.1814364032,27.8899117968561
06/15/23 12:50:00.000,33643.7,22.17,43275.3818864213,27.8570657408818
06/15/23 13:00:00.000,33558.5,22.13,43200.4384186036,27.8033302835842
06/15/23 13:10:00.000,33630.3,22.14,43282.578616145,27.8622266580775
06/15/23 13:20:00.000,33579.7,22.16,43198.4437417962,27.8019002730442
06/15/23 13:30:00.000,33593,22.21,43169.6658171301,27.7812701422156
06/15/23 13:40:00.000,33593,22.19,43186.3000719981,27.7931945361703
06/15/23 13:50:00.000,33614.3,22.14,43257.1384149908,27.8439835887697
06/15/23 14:00:00.000,33598.4,22.21,43172.9488944617,27.7836235846531
06/15/23 14:10:00.000,33678.4,22.12,43355.0198743705,27.9141831987394
06/15/23 14:20:00.000,33577.1,22.24,43116.4448364196,27.743123096368
06/15/23 14:30:00.000,33555.8,22.23,43096.8154440008,27.7290552505772
06/15/23 14:40:00.000,33550.5,22.34,42991.0537163879,27.6532759463569
06/15/23 14:50:00.000,33678.4,22.37,43126.847258589,27.7505786318122
06/15/23 15:00:00.000,33766.7,22.27,43327.8825127721,27.8947180629845
06/15/23 15:10:00.000,33737.2,22.33,43235.2793837479,27.8283099036448
06/15/23 15:20:00.000,33662.3,22.43,43049.3381881744,27.6950337429497
06/15/23 15:30:00.000,33609,22.33,43068.7482414427,27.7089419961412
06/15/23 15:40:00.000,33911.9,22.19,43581.0363152463,28.0763748448416
06/15/23 15:50:00.000,33670.3,22.43,43055.9185353191,27.6997487741393
06/15/23 16:00:00.000,33855.3,22.22,43478.9709913976,28.0031153584882
06/15/23 16:10:00.000,33683.7,22.55,42964.3427624776,27.6341418838286
06/15/23 16:20:00.000,33745.2,22.49,43094.6630286858,27.7275127345666
06/15/23 16:30:00.000,33764,22.55,43064.2329759683,27.705706500109
06/15/23 16:40:00.000,33750.6,22.6,43001.7177824158,27.6609155362568
06/15/23 16:50:00.000,33764,22.59,43026.403926672,27.6786014830302
06/15/23 17:00:00.000,33868.7,22.44,43291.8819124637,27.8688984349336
06/15/23 17:10:00.000,33831.1,22.49,43198.1575265764,27.8016950823638
06/15/23 17:20:00.000,33928,22.34,43454.625861195,27.9856451278928
06/15/23 17:30:00.000,33936.1,22.28,43517.6070117636,28.030843982043
06/15/23 17:40:00.000,33788.1,22.57,43068.7217416798,27.7089230070972
06/15/23 17:50:00.000,33979.4,22.27,43579.6065191291,28.0753483928541
06/15/23 18:00:00.000,33987.5,22.26,43597.7546601757,28.0883773534969
06/15/23 18:10:00.000,34001,22.26,43613.822080195,28.099913229521
06/15/23 18:20:00.000,33919.9,22.35,43427.9597015424,27.9665110737571
06/15/23 18:30:00.000,33949.6,22.23,43572.5017602336,28.0702479582517
06/15/23 18:40:00.000,33987.5,22.19,43655.9229692365,28.1301434465204
06/15/23 18:50:00.000,33979.4,22.14,43689.4428531667,28.1542154215405
06/15/23 19:00:00.000,33906.5,22.12,43612.6381231678,28.0990631647218
06/15/23 19:10:00.000,33974,22.13,43689.0814421411,28.1539558622508
06/15/23 19:20:00.000,33965.9,22.16,43650.3558091479,28.1261457270006
06/15/23 19:30:00.000,33982.1,22.14,43687.9834652327,28.1531673158686
06/15/23 19:40:00.000,33995.6,22.13,43713.1262958206,28.1712252069742
06/15/23 19:50:00.000,33974,22.16,43657.0599178363,28.1309598873061
06/15/23 20:00:00.000,33995.6,22.09,43746.8535404496,28.1954511004172
06/15/23 20:10:00.000,33936.1,22.14,43623.9983459266,28.1072197975332
06/15/23 20:20:00.000,33855.3,22.19,43474.0640677831,27.9995939932051
06/15/23 20:30:00.000,33691.7,22.38,43093.6508159513,27.7267873423118
06/15/23 20:40:00.000,33745.2,22.35,43187.4950251443,27.7940511751998
06/15/23 20:50:00.000,33729.2,22.32,43192.5473723107,27.7976731470975
06/15/23 21:00:00.000,33729.2,22.27,43235.9286380466,27.8287754236781
06/15/23 21:10:00.000,33723.8,22.28,43218.8713425433,27.8165455823886
06/15/23 21:20:00.000,33753.3,22.24,43291.1586700184,27.8683797599479
06/15/23 21:30:00.000,33702.4,22.24,43224.7340903434,27.8207490050662
06/15/23 21:40:00.000,33694.4,22.22,43231.1271128945,27.8253327212417
06/15/23 21:50:00.000,33547.8,22.19,43068.7428347401,27.708938121838
06/15/23 22:00:00.000,33665,22.17,43235.6779972508,27.8285957122831
06/15/23 22:10:00.000,33659.7,22.14,43254.4906576098,27.8420849887172
06/15/23 22:20:00.000,33614.3,22.14,43195.0027677259,27.7994334168793
06/15/23 22:30:00.000,33665,22.14,43258.8526762609,27.8452128261022
06/15/23 22:40:00.000,33702.4,22.11,43332.519367918,27.8980438595343
06/15/23 22:50:00.000,33643.7,22.14,43229.0775123133,27.8238631720422
06/15/23 23:00:00.000,33659.7,22.13,43257.339104073,27.8441274955597
06/15/23 23:10:00.000,33651.7,22.13,43245.850773391,27.8358898026386
06/15/23 23:20:00.000,33651.7,22.13,43244.6308211136,27.8350150575195
06/15/23 23:30:00.000,33678.4,22.12,43286.6342611342,27.865135100488
06/15/23 23:40:00.000,33651.7,22.11,43260.090849899,27.8461006822392
06/15/23 23:50:00.000,33665,22.11,43275.9460691666,27.8574703226313
06/16/23 00:00:00.000,33622.3,22.04,43282.5954060029,27.8622386985736
06/16/23 00:10:00.000,33601,22.01,43280.8869062771,27.8610134873994
06/16/23 00:20:00.000,33571.7,21.98,43268.8758037225,27.8524002159607
06/16/23 00:30:00.000,33526.6,21.96,43227.5308543678,27.8227542363907
06/16/23 00:40:00.000,33579.7,21.93,43321.6363860997,27.8902381003486
06/16/23 00:50:00.000,33449.7,21.86,43215.6851493929,27.8142612103336
06/16/23 01:00:00.000,33500.1,21.88,43261.5174792446,27.8471236790844
06/16/23 01:10:00.000,33521.3,21.92,43251.7072778573,27.8400891589405
06/16/23 01:20:00.000,33444.4,21.88,43187.2467851919,27.7938732164263
06/16/23 01:30:00.000,33410.1,21.87,43150.7573044094,27.7677163011108
06/16/23 01:40:00.000,33609,21.88,43397.0600708466,27.9443416375507
06/16/23 01:50:00.000,33566.4,21.87,43349.9055165704,27.9105146168891
06/16/23 02:00:00.000,33423.3,21.86,43173.0942744899,27.7837277995761
06/16/23 02:10:00.000,33452.4,21.86,43209.4123581655,27.8097639488589
06/16/23 02:20:00.000,33415.4,21.86,43160.4672415628,27.7746763807065
06/16/23 02:30:00.000,33381,21.82,43150.7272739722,27.7676947756834
06/16/23 02:40:00.000,33378.4,21.73,43226.9877404469,27.8223648315362
06/16/23 02:50:00.000,33481.5,21.82,43278.018741216,27.8589566660019
06/16/23 03:00:00.000,33470.9,21.83,43254.1251241439,27.841822880837
06/16/23 03:10:00.000,33449.7,21.82,43234.5298508404,27.827772484483
06/16/23 03:20:00.000,33478.9,21.81,43279.9925118706,27.8603720960982
06/16/23 03:30:00.000,33465.6,21.82,43252.6106119703,27.8407368948405
06/16/23 03:40:00.000,33423.3,21.82,43196.795654851,27.8007187452121
06/16/23 03:50:00.000,33537.2,21.85,43315.5669966067,27.8858849973578
06/16/23 04:00:00.000,33529.2,21.82,43331.0270444684,27.8969734805296
06/16/23 04:10:00.000,33516,21.72,43402.9393444797,27.9485596261394
06/16/23 04:20:00.000,33502.7,21.75,43357.4426359734,27.9159210944211
06/16/23 04:30:00.000,33500.1,21.7,43397.9910825253,27.9450095706612
06/16/23 04:40:00.000,33521.3,21.7,43424.1892947542,27.9638058022747
06/16/23 04:50:00.000,33516,21.7,43416.1074769233,27.9580072122554
06/16/23 05:00:00.000,33571.7,21.72,43468.8302261883,27.9958380899063
06/16/23 05:10:00.000,33747.9,21.61,43795.6210867734,28.2304854773267
06/16/23 05:20:00.000,33903.8,21.27,44309.9670372012,28.6003637526327
06/16/23 05:30:00.000,33876.8,21.11,44422.2283158775,28.6811843606309
06/16/23 05:40:00.000,33825.7,21.1,44363.3944259489,28.6388238392543
06/16/23 05:50:00.000,33812.3,21.07,44372.5361209729,28.6454052920298
06/16/23 06:00:00.000,33804.2,21.04,44388.6323050812,28.6569940695172
06/16/23 06:10:00.000,33917.2,20.81,44751.5349092555,28.9184506884417
06/16/23 06:20:00.000,33882.2,20.66,44845.8728586414,28.9864729758663
06/16/23 06:30:00.000,33971.3,20.65,44971.8011740902,29.0773092037378
06/16/23 06:40:00.000,33971.3,20.64,44980.0310068491,29.0832470743796
06/16/23 06:50:00.000,33965.9,20.63,44981.1264587911,29.0840374622749
06/16/23 07:00:00.000,33963.2,20.63,44976.2874078793,29.0805460250307
06/16/23 07:10:00.000,33936.1,20.63,44939.2007691924,29.0537895424334
06/16/23 07:20:00.000,34033.5,20.63,45066.6540901836,29.1457566963963
06/16/23 07:30:00.000,33987.5,20.63,45004.5897838638,29.1009674071469
06/16/23 07:40:00.000,33995.6,20.61,45033.0495801029,29.1215044548992
06/16/23 07:50:00.000,34030.8,20.6,45087.8402674234,29.1610481707901
06/16/23 08:00:00.000,34017.3,20.6,45068.7160677003,29.1472449120639
06/16/23 08:10:00.000,33825.7,20.6,44814.1038524478,28.9635634030332
06/16/23 08:20:00.000,33847.2,20.59,44850.7453203706,28.9899868826085
06/16/23 08:30:00.000,34047.1,20.6,45104.2960057608,29.1729261699071
06/16/23 08:40:00.000,34009.1,20.6,45052.7816928586,29.1357446899147
06/16/23 08:50:00.000,34055.2,20.59,45121.9921586771,29.1857002968138
06/16/23 09:00:00.000,34022.7,20.6,45068.2153561199,29.1468835265065
06/16/23 09:10:00.000,34047.1,20.6,45099.1984391106,29.1692465951989
06/16/23 09:20:00.000,34055.2,20.61,45099.0997968778,29.1691753929712
06/16/23 09:30:00.000,34047.1,20.71,44992.0089677747,29.0918895522885
06/16/23 09:40:00.000,34047.1,20.69,45009.7324008725,29.1046782480827
06/16/23 09:50:00.000,34009.1,20.71,44939.349935126,29.0538971524156
06/16/23 10:00:00.000,34025.4,20.71,44959.5765266659,29.0684893738592
06/16/23 10:10:00.000,34022.7,20.73,44935.7785989051,29.0513207660389
06/16/23 10:20:00.000,34022.7,20.73,44934.5086097621,29.0504045951039